subject_id,concept_id,concept_name,difficulty,question_type,question_id,question_text,option_a,option_b,option_c,option_d,correct_answer
1,1,Number Systems,Beginner,Understanding,S1_C1_Understanding,Which statement correctly describes an integer?,An integer is any number written as a fraction.,An integer must have a decimal part.,An integer is always greater than zero.,"An integer is a whole number or its negative, including zero.",D
1,1,Number Systems,Beginner,Application,S1_C1_Application,A temperature is 5°C below zero. Which integer represents this temperature?,5,0,-5,5.0,C
1,1,Number Systems,Beginner,Reasoning,S1_C1_Reasoning,Which number is greater than -3 but less than 2?,-2,-5,3,4,A
1,1,Number Systems,Beginner,Problem Solving,S1_C1_Problem_Solving,A bank account changes from -20 dollars to 15 dollars. What is the total change in the account balance?,35 dollars,25 dollars,5 dollars,45 dollars,A
1,1,Number Systems,Beginner,Misconception Detection,S1_C1_Misconception_Detection,A student says: 'Every rational number must be an integer.' Which statement best evaluates the student's claim?,The claim is correct because rational numbers cannot contain fractions.,The claim is correct because every rational number is positive.,The claim is incorrect because some rational numbers are fractions that are not integers.,The claim is incorrect because rational numbers are always irrational.,C
1,1,Number Systems,Beginner,Transfer,S1_C1_Transfer,"A submarine is 12 meters below sea level, while a bird is 12 meters above sea level. Which pair of integers represents their positions?",12 and 12,-12 and 12,12 and -12,-12 and -12,B
1,2,Algebraic Expressions,Beginner,Understanding,S1_C2_Understanding,"In the expression 3x + 5, what is the coefficient of x?",x,5,3,8,C
1,2,Algebraic Expressions,Beginner,Application,S1_C2_Application,"If x = 4, what is the value of 2x + 3?",11,9,8,14,A
1,2,Algebraic Expressions,Beginner,Reasoning,S1_C2_Reasoning,Which expression is equivalent to 4x + 2x?,6x,8x,6x²,4x² + 2,A
1,2,Algebraic Expressions,Beginner,Problem Solving,S1_C2_Problem_Solving,A rectangle has a length of x + 3 meters and a width of 2 meters. Which expression represents its perimeter?,x + 5,2x + 10,2x + 6,x + 10,B
1,2,Algebraic Expressions,Beginner,Misconception Detection,S1_C2_Misconception_Detection,A student simplifies 3x + 4 as 7x. What is the error in the student's reasoning?,The student multiplied the coefficients incorrectly.,The student added terms that are not like terms.,The student forgot that x is always zero.,The student changed a variable into a constant.,B
1,2,Algebraic Expressions,Beginner,Transfer,S1_C2_Transfer,A movie ticket costs x dollars and a snack costs 4 dollars. Which expression represents the total cost of 3 tickets and one snack?,4x + 3,x + 12,3(x + 4),3x + 4,D
1,3,Linear Equations,Beginner,Understanding,S1_C3_Understanding,Which equation is linear in one variable?,x² + 2 = 6,1/x = 4,2x + 3 = 7,x³ = 8,C
1,3,Linear Equations,Beginner,Application,S1_C3_Application,Solve the equation x + 7 = 12.,x = 3,x = 5,x = 4,x = 19,B
1,3,Linear Equations,Beginner,Reasoning,S1_C3_Reasoning,"If 3x = 18, which operation isolates x?",Add 3 to both sides.,Divide both sides by 3.,Multiply both sides by 3.,Subtract 3 from both sides.,B
1,3,Linear Equations,Beginner,Problem Solving,S1_C3_Problem_Solving,"A taxi charges a fixed fee of 5 dollars plus 2 dollars per kilometer. If the total fare is 17 dollars, how many kilometers were traveled?",6 km,5 km,8 km,11 km,A
1,3,Linear Equations,Beginner,Misconception Detection,S1_C3_Misconception_Detection,A student solves 2x + 4 = 10 by subtracting 4 from the left side only. Why is this invalid?,Because subtraction is never allowed in equations.,Because x cannot appear in a linear equation.,Because the same operation must be applied to both sides to preserve equality.,Because 10 is not a valid constant.,C
1,3,Linear Equations,Beginner,Transfer,S1_C3_Transfer,A number increased by 9 is equal to 20. Which equation represents this situation?,x - 9 = 20,9x = 20,x + 20 = 9,x + 9 = 20,D
1,4,Ratios and Proportions,Beginner,Understanding,S1_C4_Understanding,What does the ratio 2:3 mean?,The difference between the quantities is always 3.,The two quantities must both equal 3.,There are 2 parts for every 3 corresponding parts.,The total of the quantities must be 2.,C
1,4,Ratios and Proportions,Beginner,Application,S1_C4_Application,"The ratio of red balls to blue balls is 2:5. If there are 4 red balls, how many blue balls are there?",7,10,8,12,B
1,4,Ratios and Proportions,Beginner,Reasoning,S1_C4_Reasoning,Which ratio is equivalent to 3:4?,6:8,6:7,9:16,12:9,A
1,4,Ratios and Proportions,Beginner,Problem Solving,S1_C4_Problem_Solving,A recipe uses 3 cups of flour for every 2 cups of milk. How many cups of flour are needed for 6 cups of milk?,9 cups,8 cups,6 cups,12 cups,A
1,4,Ratios and Proportions,Beginner,Misconception Detection,S1_C4_Misconception_Detection,A student says that 2:3 and 2:6 are equivalent ratios because both begin with 2. What is wrong with the student's claim?,Equivalent ratios must have identical second terms.,Ratios can only contain numbers greater than 5.,The first number in a ratio must always be larger.,Equivalent ratios require the corresponding terms to be multiplied or divided by the same nonzero factor.,D
1,4,Ratios and Proportions,Beginner,Transfer,S1_C4_Transfer,"On a map, 1 centimeter represents 5 kilometers. Two cities are 4 centimeters apart on the map. What is their actual distance?",9 km,15 km,25 km,20 km,D
1,5,Basic Geometry,Beginner,Understanding,S1_C5_Understanding,How many degrees are in the interior angles of a triangle altogether?,90°,360°,270°,180°,D
1,5,Basic Geometry,Beginner,Application,S1_C5_Application,A rectangle has a length of 8 cm and a width of 3 cm. What is its area?,11 cm²,24 cm²,22 cm²,48 cm²,B
1,5,Basic Geometry,Beginner,Reasoning,S1_C5_Reasoning,A triangle has angles of 50° and 60°. What is the measure of its third angle?,60°,80°,70°,90°,C
1,5,Basic Geometry,Beginner,Problem Solving,S1_C5_Problem_Solving,A square has a side length of 6 cm. What is its perimeter?,24 cm,18 cm,12 cm,36 cm,A
1,5,Basic Geometry,Beginner,Misconception Detection,S1_C5_Misconception_Detection,A student says that the area of a rectangle with length 5 cm and width 4 cm is 18 cm² because 5 + 4 = 9 and then 9 × 2 = 18. What is the correct evaluation?,The student is incorrect because the area is 5 × 4 = 20 cm².,The student is correct because rectangle area is found by adding all sides.,The student is incorrect because the area is 5 + 4 = 9 cm².,The student is correct because perimeter and area are calculated the same way.,A
1,5,Basic Geometry,Beginner,Transfer,S1_C5_Transfer,A rectangular garden is 10 meters long and 4 meters wide. A path is built around its boundary. What measurement describes the total distance around the garden?,Area,Volume,Diagonal,Perimeter,D
1,6,Quadratic Equations,Intermediate,Understanding,S1_C6_Understanding,Which statement correctly describes the solutions of a quadratic equation such as x² - 5x + 6 = 0?,It can have at most one real solution.,It can have two real solutions.,It must have exactly three real solutions.,It can never have real solutions.,B
1,6,Quadratic Equations,Intermediate,Application,S1_C6_Application,Solve x² - 5x + 6 = 0.,x = 2 or x = 3,x = 1 or x = 6,x = -2 or x = -3,x = 5 or x = 6,A
1,6,Quadratic Equations,Intermediate,Reasoning,S1_C6_Reasoning,"For x² - 7x + 12 = 0, which factorization correctly represents the equation?",(x - 2)(x - 6) = 0,(x + 2)(x + 6) = 0,(x - 3)(x - 4) = 0,(x + 3)(x + 4) = 0,C
1,6,Quadratic Equations,Intermediate,Problem Solving,S1_C6_Problem_Solving,"A rectangular garden has an area of 48 m². Its length is 2 meters greater than its width. If the width is x meters, which equation represents the situation?",x + (x + 2) = 48,2x + 2 = 48,x(x + 2) = 48,x(x - 2) = 48,C
1,6,Quadratic Equations,Intermediate,Misconception Detection,S1_C6_Misconception_Detection,A student factors x² - 9 as (x - 9)(x + 9). What is the error?,The difference of squares is x² - 9 = (x - 3)(x + 3).,The difference of squares is x² - 9 = (x - 9)².,The expression cannot be factored.,The expression equals (x + 3)².,A
1,6,Quadratic Equations,Intermediate,Transfer,S1_C6_Transfer,"The height of an object is modeled by h(t) = -t² + 6t, where t is time in seconds. At what times is the object at ground level, assuming ground level means h(t) = 0?",t = 3 and t = 6,t = 1 and t = 5,t = 2 and t = 4,t = 0 and t = 6,D
1,7,Functions,Intermediate,Understanding,S1_C7_Understanding,Which condition must be true for a relation to represent a function?,Each input is paired with exactly one output.,Each output is paired with exactly one input.,Every input must equal its output.,Every function must have two outputs for each input.,A
1,7,Functions,Intermediate,Application,S1_C7_Application,"For f(x) = x² - 2x + 3, what is f(4)?",7,9,11,13,C
1,7,Functions,Intermediate,Reasoning,S1_C7_Reasoning,"If f(x) = 3x - 2 and f(x) = 13, what is x?",3,5,4,6,B
1,7,Functions,Intermediate,Problem Solving,S1_C7_Problem_Solving,"A school charges a registration fee of 20 dollars plus 5 dollars for each workshop attended. If a student attends x workshops, which function gives the total cost?",C(x) = 20x + 5,C(x) = 25x,C(x) = 5x + 20,C(x) = 20 + 5,C
1,7,Functions,Intermediate,Misconception Detection,S1_C7_Misconception_Detection,A student claims that f(x) = x² is not a function because both 2 and -2 produce the output 4. What is the correct evaluation?,The claim is incorrect because different inputs may have the same output.,The claim is correct because every output must have one input.,The claim is correct because x² has no outputs.,The claim is incorrect only when x is positive.,A
1,7,Functions,Intermediate,Transfer,S1_C7_Transfer,A temperature converter is represented by C(F) = (5/9)(F - 32). What Celsius temperature corresponds to 68°F?,10°C,15°C,25°C,20°C,D
1,8,Systems of Equations,Intermediate,Understanding,S1_C8_Understanding,What does it mean for an ordered pair to be a solution of a system of two equations?,It satisfies only the first equation.,It satisfies both equations simultaneously.,It satisfies only the second equation.,It has equal x and y values.,B
1,8,Systems of Equations,Intermediate,Application,S1_C8_Application,Solve the system x + y = 9 and x - y = 3.,"(6, 3)","(3, 6)","(4, 5)","(5, 4)",A
1,8,Systems of Equations,Intermediate,Reasoning,S1_C8_Reasoning,"For the system 2x + y = 8 and x + y = 5, which value of x is obtained by subtracting the second equation from the first?",2,3,4,5,B
1,8,Systems of Equations,Intermediate,Problem Solving,S1_C8_Problem_Solving,"At a school event, 30 tickets were sold. Adult tickets cost 8 dollars and student tickets cost 5 dollars. The total revenue was 210 dollars. If x is the number of adult tickets and y is the number of student tickets, which system represents the situation?",8x + 5y = 30 and x + y = 210,x - y = 30 and 8x - 5y = 210,x + y = 30 and 8x + 5y = 210,x + y = 210 and 8x + 5y = 30,C
1,8,Systems of Equations,Intermediate,Misconception Detection,S1_C8_Misconception_Detection,A student finds x = 4 from one equation in a system and says the solution is x = 4 without finding y. Why is this incomplete?,A system solution normally requires the values of all variables that satisfy every equation.,The value of x can never be part of a system.,Systems of equations contain no variables.,The student must always find three variables.,A
1,8,Systems of Equations,Intermediate,Transfer,S1_C8_Transfer,Two numbers have a sum of 18 and a difference of 4. Which system can be used to find the two numbers x and y?,x + y = 4 and xy = 18,x - y = 18 and x + y = 4,xy = 18 and x - y = 4,x + y = 18 and x - y = 4,D
1,9,Trigonometry,Intermediate,Understanding,S1_C9_Understanding,"In a right triangle, which ratio represents cosine of an angle θ?",Opposite ÷ Hypotenuse,Hypotenuse ÷ Adjacent,Opposite ÷ Adjacent,Adjacent ÷ Hypotenuse,D
1,9,Trigonometry,Intermediate,Application,S1_C9_Application,"In a right triangle, the adjacent side to θ is 8 cm and the hypotenuse is 10 cm. What is cos(θ)?",0.6,0.7,0.8,0.9,C
1,9,Trigonometry,Intermediate,Reasoning,S1_C9_Reasoning,A right triangle has opposite side 5 and adjacent side 12 relative to θ. What is tan(θ)?,12/5,5/12,5/13,12/13,B
1,9,Trigonometry,Intermediate,Problem Solving,S1_C9_Problem_Solving,"A ramp is 10 m long and rises 6 m vertically. If θ is the angle between the ramp and the horizontal ground, which trigonometric ratio can be used directly to find θ?",cos(θ) = 10/6,cos(θ) = 6/10,tan(θ) = 10/6,sin(θ) = 6/10,D
1,9,Trigonometry,Intermediate,Misconception Detection,S1_C9_Misconception_Detection,A student calculates tan(θ) as adjacent ÷ opposite. What is the correct evaluation?,That ratio is tangent and is always correct.,Tangent is hypotenuse ÷ opposite.,"Tangent is opposite ÷ adjacent, so the student's ratio is reversed.",Tangent cannot be used in a right triangle.,C
1,9,Trigonometry,Intermediate,Transfer,S1_C9_Transfer,"A support cable forms a right triangle with a vertical pole and horizontal ground. Relative to the angle at the ground, the vertical pole is the opposite side and the cable is the hypotenuse. Which ratio relates the pole height to the cable length?",Sine,Cosine,Tangent,None of these,A
1,10,Probability,Intermediate,Understanding,S1_C10_Understanding,"For equally likely outcomes, which expression gives the probability of an event?",Favorable outcomes + Total possible outcomes,Total possible outcomes ÷ Favorable outcomes,Favorable outcomes ÷ Total possible outcomes,Total possible outcomes - Favorable outcomes,C
1,10,Probability,Intermediate,Application,S1_C10_Application,A fair six-sided die is rolled once. What is the probability of rolling a number greater than 4?,1/3,1/6,1/2,2/3,A
1,10,Probability,Intermediate,Reasoning,S1_C10_Reasoning,"A bag contains 4 red, 3 blue, and 3 green balls. One ball is selected at random. What is the probability of selecting a ball that is not red?",2/5,7/10,1/2,3/5,D
1,10,Probability,Intermediate,Problem Solving,S1_C10_Problem_Solving,A box contains 5 white cards and 3 black cards. Two cards are drawn without replacement. What is the probability that both cards are white?,5/8,5/14,25/64,10/21,B
1,10,Probability,Intermediate,Misconception Detection,S1_C10_Misconception_Detection,"A student says that if an event has probability 0.7, its complement must also have probability 0.7. What is the error?",The probability of every complement is always 0.,The probability of an event and its complement must add to 1.,The probability of a complement must be greater than 1.,An event and its complement always have equal probability.,B
1,10,Probability,Intermediate,Transfer,S1_C10_Transfer,"A weather model estimates a 30% chance of rain tomorrow. What is the probability that it will not rain, assuming rain and no rain are complementary outcomes?",70%,50%,30%,100%,A
1,11,Limits,Advanced,Understanding,S1_C11_Understanding,"If lim(x→2) f(x) = 5, which statement must be true about the values of f(x) when x is sufficiently close to 2, even if f(2) itself is undefined?",f(x) can be made arbitrarily close to 5 by taking x sufficiently close to 2.,f(x) is exactly equal to 5 for every x near 2.,f(2) must equal 5.,f(x) must be defined at x = 2.,A
1,11,Limits,Advanced,Application,S1_C11_Application,Evaluate lim(x→0) [sin(3x)]/x.,0,1,3,Does not exist,C
1,11,Limits,Advanced,Reasoning,S1_C11_Reasoning,Suppose lim(x→2) f(x) = 5 and lim(x→2) g(x) = -3. What is lim(x→2) [2f(x) - g(x)]?,7,10,-13,13,D
1,11,Limits,Advanced,Problem Solving,S1_C11_Problem_Solving,"For f(x) = (x² - 16)/(x - 4), x ≠ 4, what value should be assigned at x = 4 to make f continuous?",4,6,8,16,C
1,11,Limits,Advanced,Misconception Detection,S1_C11_Misconception_Detection,"A student says that if f(5) is undefined, then lim(x→5) f(x) must also be undefined. What is the correct evaluation?",The claim is always correct because a limit requires f(5),The claim is incorrect only for polynomial functions,The claim is correct because limits only exist at defined points,"The claim is incorrect because a limit depends on nearby values, not necessarily f(5)",D
1,11,Limits,Advanced,Transfer,S1_C11_Transfer,"A temperature model is defined by h(t) = (t² - 9)/(t - 3), t ≠ 3. The model has a removable discontinuity at t = 3. What value should be assigned to h(3) to remove the discontinuity?",0,6,3,9,B
1,12,Derivatives,Advanced,Understanding,S1_C12_Understanding,"For a differentiable function f, if f′(a)=0 and f″(a)>0, which conclusion follows from the second derivative test?",The function is decreasing on an interval around x=a.,The function has a local maximum at x=a.,The function has an inflection point at x=a.,The function has a local minimum at x=a.,D
1,12,Derivatives,Advanced,Application,S1_C12_Application,"If f(x) = x³ - 4x² + 2x, what is f′(2)?",-2,0,2,6,A
1,12,Derivatives,Advanced,Reasoning,S1_C12_Reasoning,"For the function f(x)=−x³+3x², which conclusion follows from the fact that f′(2)=0 and f″(2)<0?",The function is increasing at x=2.,The function has a local minimum at x=2.,The function has a local maximum at x=2.,The function has an inflection point at x=2.,C
1,12,Derivatives,Advanced,Problem Solving,S1_C12_Problem_Solving,A particle has position s(t) = t³ - 6t² + 9t. At which times is its velocity zero?,t = 1 only,t = 0 and t = 3,t = 1 and t = 3,t = 3 only,C
1,12,Derivatives,Advanced,Misconception Detection,S1_C12_Misconception_Detection,A student claims that the derivative of f(x)=x²sin(x) is f′(x)=2xsin(x). Which reasoning correctly identifies the student's mistake?,The student differentiated only the first factor and ignored the derivative of the second factor.,The student used the quotient rule instead of the product rule.,The student differentiated sin(x) as cos(x) but forgot to differentiate x².,The student should have used the power rule on the entire expression before differentiating.,A
1,12,Derivatives,Advanced,Transfer,S1_C12_Transfer,A company's cost is C(x) = x² + 20x + 100. What does C′(30) represent?,The total cost of producing 30 units,The instantaneous rate at which cost changes when production is 30 units,The average cost per unit at 30 units,The fixed cost of the company,B
1,13,Integrals,Advanced,Understanding,S1_C13_Understanding,"If F is an antiderivative of f on [a,b], which statement correctly explains the relationship between F and the definite integral of f?",The definite integral of f from a to b equals the net change in F from a to b.,The definite integral of f from a to b always equals F(a)+F(b).,The definite integral of f from a to b depends only on the value of f at the endpoints.,The definite integral of f from a to b is equal to the derivative of F at b.,A
1,13,Integrals,Advanced,Application,S1_C13_Application,Evaluate ∫₀² 3x² dx.,4,6,8,12,C
1,13,Integrals,Advanced,Reasoning,S1_C13_Reasoning,"If F′(x) = f(x), which expression gives ∫ₐᵇ f(x) dx?",F(a) + F(b),F(b) - F(a),F′(b) - F′(a),F(b) ÷ F(a),B
1,13,Integrals,Advanced,Problem Solving,S1_C13_Problem_Solving,A particle has velocity v(t) = 2t + 3. What is its displacement from t = 0 to t = 4?,28,24,20,32,A
1,13,Integrals,Advanced,Misconception Detection,S1_C13_Misconception_Detection,A student claims that ∫₀² [f(x)+g(x)] dx = (∫₀² f(x) dx)(∫₀² g(x) dx). Which statement correctly identifies the student's misconception?,The student used the constant multiple rule instead of the substitution rule.,The student forgot that definite integrals can only be used when both functions are positive.,The student should differentiate f(x) and g(x) before integrating their sum.,"The student treated the integral of a sum as a product of integrals, but integration is linear over addition.",D
1,13,Integrals,Advanced,Transfer,S1_C13_Transfer,A tank is filled at a rate r(t) = 5t liters per minute. How much water enters the tank from t = 0 to t = 4 minutes?,20 liters,30 liters,50 liters,40 liters,D
1,14,Linear Algebra,Advanced,Understanding,S1_C14_Understanding,"For a square matrix A, if Av=λv for a nonzero vector v, what does λ represent?",Rank,Determinant,Eigenvalue,Trace,C
1,14,Linear Algebra,Advanced,Application,S1_C14_Application,"Given A=[[1,2],[0,1]] and B=[[2,1],[1,0]], what is the matrix product AB?","[[2,1],[1,2]]","[[2,3],[0,1]]","[[3,1],[1,1]]","[[4,1],[1,0]]",D
1,14,Linear Algebra,Advanced,Reasoning,S1_C14_Reasoning,"Let u = (1, 2) and v = (2, 4). What can be concluded about u and v?",They are linearly independent because they are different vectors,They span a three-dimensional space,They are orthogonal because their components are proportional,They are linearly dependent because v = 2u,D
1,14,Linear Algebra,Advanced,Problem Solving,S1_C14_Problem_Solving,Solve the system x + y = 5 and 2x - y = 4. What is the solution?,"(2, 3)","(4, 1)","(3, 2)","(1, 4)",C
1,14,Linear Algebra,Advanced,Misconception Detection,S1_C14_Misconception_Detection,A student claims that any two nonzero vectors are automatically linearly independent. What is the correct evaluation?,The claim is correct because zero is the only cause of dependence,The claim is incorrect because nonzero vectors can be scalar multiples of each other,The claim is correct only in two-dimensional spaces,The claim is incorrect only when both vectors have negative components,B
1,14,Linear Algebra,Advanced,Transfer,S1_C14_Transfer,Why are matrices useful for representing linear transformations?,They allow linear transformations to be represented and composed through matrix operations,They guarantee that every transformation is nonlinear,They eliminate the need for vectors in every problem,They can represent only transformations that preserve length,A
1,15,Advanced Probability,Advanced,Understanding,S1_C15_Understanding,Two events A and B have positive probabilities. Which statement best distinguishes independence from mutual exclusivity?,"If two events are independent, one must cause the other.",Independent events must have P(A∩B)=0.,Mutually exclusive events always satisfy P(A∩B)=P(A)P(B).,"Independence means P(A∩B)=P(A)P(B), while mutual exclusivity means P(A∩B)=0.",D
1,15,Advanced Probability,Advanced,Application,S1_C15_Application,"A fair die is rolled twice. Given that the sum of the two rolls is at least 10, what is the probability that both rolls are 6?",1/12,1/9,1/6,1/3,C
1,15,Advanced Probability,Advanced,Reasoning,S1_C15_Reasoning,"Events A and B satisfy P(A)=0.7, P(B)=0.5, and P(A ∪ B)=0.9. What can be concluded about their independence?",They are independent because P(A ∪ B) is less than 1,They are independent because both probabilities are greater than 0.5,Their independence cannot be determined because the intersection probability is unknown,"They are not independent because P(A ∩ B)=0.3, which differs from P(A)P(B)=0.35",D
1,15,Advanced Probability,Advanced,Problem Solving,S1_C15_Problem_Solving,A box contains 5 red and 7 blue balls. Three balls are drawn without replacement. What is the probability that exactly two of the three balls are red?,7/22,5/22,7/20,5/18,A
1,15,Advanced Probability,Advanced,Misconception Detection,S1_C15_Misconception_Detection,"A student argues: If P(A)=0.8 and P(B)=0.7, then P(A ∩ B)=0.56 because the probabilities of any two events can always be multiplied. What is the precise error in the student's reasoning?",The multiplication rule can never be used for intersections,"The multiplication rule applies only when A and B are independent, or when an appropriate conditional probability is used",An intersection probability must always be greater than both individual probabilities,The multiplication rule requires P(A) and P(B) to be equal,B
1,15,Advanced Probability,Advanced,Transfer,S1_C15_Transfer,"A disease affects 2% of a population. A test has 95% sensitivity and 90% specificity. If a person tests positive, what is the approximate probability that the person actually has the disease?",2%,90%,16.2%,95%,C
2,16,Measurement and Units,Beginner,Understanding,S2_C16_Understanding,Which statement best describes the purpose of using standard units in physics?,They make measurements comparable and consistent.,They make every measurement larger.,They eliminate the need for measuring instruments.,They make all physical quantities dimensionless.,A
2,16,Measurement and Units,Beginner,Application,S2_C16_Application,A student measures the length of a table as 2.5 meters. Which value expresses the same length in centimeters?,25 cm,250 cm,2500 cm,0.025 cm,B
2,16,Measurement and Units,Beginner,Reasoning,S2_C16_Reasoning,A student records the length of an object as 5 m and another student records it as 500 cm. Why can these measurements represent the same physical length?,The measurements use different units but describe the same length,The measurements describe different lengths,The numerical values cannot be compared at all,The centimeter measurement must be more accurate,A
2,16,Measurement and Units,Beginner,Problem Solving,S2_C16_Problem_Solving,A car travels 3.2 km. How many meters does it travel?,320 m,32 m,3200 m,32000 m,C
2,16,Measurement and Units,Beginner,Misconception Detection,S2_C16_Misconception_Detection,"A student says, 'A measurement of 10 centimeters is greater than a measurement of 2 meters because 10 is greater than 2.' What is wrong with this reasoning?",All measurements must be expressed in kilometers.,Centimeters cannot measure length.,Meters are not units of length.,The numerical values cannot be compared directly without converting them to the same unit.,D
2,16,Measurement and Units,Beginner,Transfer,S2_C16_Transfer,"A recipe requires 750 mL of water, while a measuring container is marked in liters. Which amount should the student use?",0.075 L,0.75 L,7.5 L,75 L,B
2,17,Motion,Beginner,Understanding,S2_C17_Understanding,What does speed describe?,How quickly an object changes its position.,The mass of an object.,The force acting on an object.,The amount of energy stored in an object.,A
2,17,Motion,Beginner,Application,S2_C17_Application,A runner travels 100 meters in 20 seconds. What is the runner's average speed?,2000 m/s,2 m/s,20 m/s,5 m/s,D
2,17,Motion,Beginner,Reasoning,S2_C17_Reasoning,A car moves at constant speed around a curved road. Is its velocity necessarily constant?,Velocity depends on both speed and direction,Velocity stays constant whenever speed stays constant,Velocity changes only when the object's mass changes,Velocity and speed always have the same value,A
2,17,Motion,Beginner,Problem Solving,S2_C17_Problem_Solving,A cyclist travels 180 meters in 30 seconds. What is the cyclist's average speed?,9 m/s,3 m/s,5 m/s,6 m/s,D
2,17,Motion,Beginner,Misconception Detection,S2_C17_Misconception_Detection,"A student says, 'If an object is moving, its acceleration must be nonzero.' Which response is correct?","Correct, because motion always requires acceleration.","Incorrect, because an object can move at constant velocity with zero acceleration.","Correct, because velocity cannot remain constant.","Incorrect, because moving objects cannot have velocity.",B
2,17,Motion,Beginner,Transfer,S2_C17_Transfer,Two trains travel for the same amount of time. Train A travels 120 km and Train B travels 180 km. Which conclusion is justified?,Both trains have the same average speed.,Train A has the greater average speed.,Train B has the greater average speed.,There is not enough information to compare their average speeds.,C
2,18,Forces,Beginner,Understanding,S2_C18_Understanding,What is a force?,The amount of matter in an object.,A quantity that can change an object's motion or shape.,The distance traveled by an object.,The temperature of an object.,B
2,18,Forces,Beginner,Application,S2_C18_Application,A 4 kg object experiences a net force of 20 N. What is its acceleration?,80 m/s²,4 m/s²,16 m/s²,5 m/s²,D
2,18,Forces,Beginner,Reasoning,S2_C18_Reasoning,A book rests on a table. Why does the book not accelerate vertically?,Gravity stops acting when the book is supported,The forces on the book have equal magnitudes in opposite vertical directions,The table removes the book's gravitational force,The book has no forces acting on it,B
2,18,Forces,Beginner,Problem Solving,S2_C18_Problem_Solving,A net force of 30 N acts on a 6 kg object. What is its acceleration?,24 m/s²,6 m/s²,5 m/s²,180 m/s²,C
2,18,Forces,Beginner,Misconception Detection,S2_C18_Misconception_Detection,"A student says, 'If the net force on an object is zero, the object must be at rest.' What is the correct response?",False; the object may move with constant velocity.,Always true.,False; the object must accelerate.,Always true for objects with mass.,A
2,18,Forces,Beginner,Transfer,S2_C18_Transfer,A shopping cart moves at constant velocity on a straight path. What can be concluded about the net force on it?,The cart cannot have any forces acting on it.,The net force must increase continuously.,The net force must point forward.,The net force must be zero.,D
2,19,Energy,Beginner,Understanding,S2_C19_Understanding,Which statement best describes kinetic energy?,Energy that exists only when an object is at rest.,Energy stored only in chemical bonds.,Energy caused only by temperature.,Energy associated with an object's motion.,D
2,19,Energy,Beginner,Application,S2_C19_Application,"If the speed of an object doubles while its mass remains constant, what happens to its kinetic energy?",It becomes four times as large.,It doubles.,It becomes half as large.,It does not change.,A
2,19,Energy,Beginner,Reasoning,S2_C19_Reasoning,Why can a raised object have gravitational potential energy even though it is not moving?,An object at rest cannot store mechanical energy,Potential energy requires the object to be moving,Potential energy depends on position or configuration,Gravity produces energy only when an object is moving,C
2,19,Energy,Beginner,Problem Solving,S2_C19_Problem_Solving,An object of mass 2 kg moves at 3 m/s. What is its kinetic energy?,3 J,9 J,6 J,18 J,B
2,19,Energy,Beginner,Misconception Detection,S2_C19_Misconception_Detection,"A student says, 'Energy is destroyed when a moving object stops.' What is the best correction?","Energy can be transferred or transformed, such as into thermal energy.",Energy is destroyed only in cold objects.,Energy disappears whenever velocity becomes zero.,Energy cannot change form.,A
2,19,Energy,Beginner,Transfer,S2_C19_Transfer,A roller coaster reaches the top of a hill and then descends. Which energy transformation mainly occurs as it moves downward?,Kinetic energy changes into gravitational potential energy.,Thermal energy changes into gravitational potential energy.,Mass changes into energy.,Gravitational potential energy changes into kinetic energy.,D
2,20,Electricity Basics,Beginner,Understanding,S2_C20_Understanding,What is electric current?,The flow of electric charge,The resistance of a material,The energy stored in a battery,The mass of an electron,A
2,20,Electricity Basics,Beginner,Application,S2_C20_Application,A circuit carries a current of 2 A for 5 seconds. How much electric charge passes through the circuit?,0.4 C,10 C,2.5 C,25 C,B
2,20,Electricity Basics,Beginner,Reasoning,S2_C20_Reasoning,Why does a metal wire usually conduct electricity well?,Its atoms have no positively charged particles,Its structure prevents charge from moving freely,Its electrons lose their electric charge inside the wire,It contains mobile charge carriers that can move through the material,D
2,20,Electricity Basics,Beginner,Problem Solving,S2_C20_Problem_Solving,A battery provides a potential difference of 12 V across a resistor of 6 ohms. What current flows through the resistor?,0.5 A,1 A,2 A,72 A,C
2,20,Electricity Basics,Beginner,Misconception Detection,S2_C20_Misconception_Detection,"A student says, 'A battery produces electric current even when the circuit is open.' What is the main problem with this statement?",Current can only exist in plastic,Batteries cannot provide potential difference,An open circuit does not provide a complete path for continuous current,Current only exists when the battery is removed,C
2,20,Electricity Basics,Beginner,Transfer,S2_C20_Transfer,"A device is connected to a battery. If the battery voltage is increased while the device's resistance stays approximately constant, what happens to the current?",The current decreases because voltage reduces charge flow,The current disappears when the battery voltage increases,The current remains unchanged because resistance controls everything,The current increases when resistance remains approximately constant,D
2,21,Momentum,Intermediate,Understanding,S2_C21_Understanding,What does momentum describe in mechanics?,The temperature of an object,The amount of motion of an object,The volume of an object,The electrical resistance of an object,B
2,21,Momentum,Intermediate,Application,S2_C21_Application,A 4 kg object moves at 3 m/s. What is its momentum?,1.33 kg·m/s,7 kg·m/s,12 kg·m/s,24 kg·m/s,C
2,21,Momentum,Intermediate,Reasoning,S2_C21_Reasoning,"Two objects have the same mass, but one moves faster than the other. Why does the faster object have greater momentum?",Momentum increases with velocity when mass is fixed,Momentum decreases whenever velocity increases,Momentum depends only on the object's temperature,Velocity has no effect on momentum,A
2,21,Momentum,Intermediate,Problem Solving,S2_C21_Problem_Solving,A 2 kg ball has momentum of 10 kg·m/s. What is its speed?,2 m/s,5 m/s,10 m/s,20 m/s,B
2,21,Momentum,Intermediate,Misconception Detection,S2_C21_Misconception_Detection,"A student says, 'A heavier object always has more momentum than a lighter object.' Why is this not necessarily correct?",Momentum depends only on shape,Mass has no effect on momentum,Momentum depends on both mass and velocity,Momentum is always zero for moving objects,C
2,21,Momentum,Intermediate,Transfer,S2_C21_Transfer,"A loaded truck and a small car are moving at the same speed. Which one generally has greater momentum, and why?","The car, because smaller objects always have greater momentum","Neither object, because momentum requires acceleration","Both objects, because equal speed means equal momentum","The truck, because its greater mass gives it greater momentum at the same speed",D
2,22,Work and Power,Intermediate,Understanding,S2_C22_Understanding,"In physics, when is mechanical work done on an object by a force?",When the force causes displacement in a relevant direction,Whenever an object exists,Only when the object has zero displacement,Only when the object is at rest,A
2,22,Work and Power,Intermediate,Application,S2_C22_Application,A force of 10 N moves an object 4 m in the same direction as the force. How much work is done?,2.5 J,40 J,14 J,400 J,B
2,22,Work and Power,Intermediate,Reasoning,S2_C22_Reasoning,"Two machines perform the same amount of work, but one completes it in less time. Why does the faster machine have greater power?",Power depends only on the amount of mass involved,Power describes how quickly work is performed,Power becomes smaller whenever work is completed faster,Power does not depend on time,B
2,22,Work and Power,Intermediate,Problem Solving,S2_C22_Problem_Solving,A machine does 600 J of work in 20 seconds. What is its average power?,30 W,20 W,120 W,"12,000 W",A
2,22,Work and Power,Intermediate,Misconception Detection,S2_C22_Misconception_Detection,"A student says, 'If I push a wall with a large force but the wall does not move, I always do mechanical work on the wall.' What is the key issue?",Force cannot exist without motion,Walls have no mass,Mechanical work requires displacement in the direction of the force,Work is always equal to power,C
2,22,Work and Power,Intermediate,Transfer,S2_C22_Transfer,"Two students lift identical boxes to the same height. Student A takes 5 seconds and Student B takes 10 seconds. Assuming the same work is done, which student has greater average power?","Student B, because more time means more power","Neither student, because lifting a box requires no power","Both students, because they perform the same work","Student A, because the same work is completed in less time",D
2,23,Circular Motion,Intermediate,Understanding,S2_C23_Understanding,What is characteristic of an object moving in a circular path at constant speed?,Its velocity remains unchanged,It cannot experience a force,It has no acceleration,Its direction of motion continuously changes,D
2,23,Circular Motion,Intermediate,Application,S2_C23_Application,A car travels around a circular track at constant speed. What provides the inward force needed to keep it moving in the circle?,The force must point directly upward,The force must point toward the center of the circle,There is no force acting on the car,The force must always point opposite to the velocity,B
2,23,Circular Motion,Intermediate,Reasoning,S2_C23_Reasoning,Why can an object moving at constant speed in a circle still be accelerating?,Acceleration occurs only when speed increases,Constant speed means that acceleration must always be zero,An object in circular motion has no velocity,Acceleration can occur when velocity changes direction,D
2,23,Circular Motion,Intermediate,Problem Solving,S2_C23_Problem_Solving,An object moves in a circle of radius 2 m with speed 4 m/s. What is its centripetal acceleration?,8 m/s²,2 m/s²,4 m/s²,16 m/s²,A
2,23,Circular Motion,Intermediate,Misconception Detection,S2_C23_Misconception_Detection,"A student says, 'If the speed of an object moving in a circle is constant, there is no acceleration.' What is wrong with this reasoning?",Acceleration can occur only when speed increases,Circular motion has no changing velocity,The object's velocity changes direction even though its speed remains constant,Constant speed means the object has no velocity,C
2,23,Circular Motion,Intermediate,Transfer,S2_C23_Transfer,A satellite moves around Earth in an approximately circular orbit. What keeps changing even if its orbital speed is approximately constant?,Its velocity direction,Its identity,Its mass,Its gravitational constant,A
2,24,Waves,Intermediate,Understanding,S2_C24_Understanding,What is a wave best described as?,A substance that must always move from one place to another,An object that has no energy,A force that always acts in one direction,A disturbance that transfers energy from one place to another,D
2,24,Waves,Intermediate,Application,S2_C24_Application,A wave has a frequency of 5 Hz. How many complete cycles pass a fixed point each second?,1 cycle,2 cycles,5 cycles,10 cycles,C
2,24,Waves,Intermediate,Reasoning,S2_C24_Reasoning,"A wave travels through a medium at constant speed. If its frequency increases, what must happen to its wavelength?",Wavelength increases because frequency increases,Wavelength stays fixed regardless of frequency,Wavelength becomes zero whenever frequency changes,Wavelength decreases because wave speed equals frequency times wavelength,D
2,24,Waves,Intermediate,Problem Solving,S2_C24_Problem_Solving,A wave travels at 20 m/s and has a frequency of 4 Hz. What is its wavelength?,0.2 m,5 m,16 m,80 m,B
2,24,Waves,Intermediate,Misconception Detection,S2_C24_Misconception_Detection,"A student says, 'When a wave travels through a medium, every particle of the medium travels with the wave to the next location.' What is the main misconception?",The particles generally oscillate around equilibrium positions while energy is transferred,Particles disappear when a wave passes,Waves cannot transfer energy,All waves move without carrying energy,A
2,24,Waves,Intermediate,Transfer,S2_C24_Transfer,A ripple spreads outward across the surface of water after a disturbance. What does this example demonstrate about waves?,The medium as a whole moves outward with the wave,The wave transfers energy while the medium mainly oscillates around equilibrium,The disturbance permanently moves every particle away from its original position,A wave carries no energy when the medium remains in place,B
2,25,Electric Circuits,Intermediate,Understanding,S2_C25_Understanding,What is the main purpose of a complete electrical circuit?,To prevent all current from flowing,To remove the battery from the system,To provide a continuous path through which charge can move,To eliminate electrical energy,C
2,25,Electric Circuits,Intermediate,Application,S2_C25_Application,"Two identical resistors are connected in series. If each resistor has a resistance of 4 ohms, what is the total resistance?",8 ohms,4 ohms,2 ohms,16 ohms,A
2,25,Electric Circuits,Intermediate,Reasoning,S2_C25_Reasoning,A resistor is added in series to a circuit while the battery voltage remains fixed. Why does the current decrease?,Adding resistance always increases the current,"Total resistance increases, so current decreases for fixed voltage",The added resistor removes the battery voltage,Current is independent of resistance in a series circuit,B
2,25,Electric Circuits,Intermediate,Problem Solving,S2_C25_Problem_Solving,A 12 V battery is connected to a 3 ohm resistor. What current flows through the resistor?,0.25 A,3 A,4 A,36 A,C
2,25,Electric Circuits,Intermediate,Misconception Detection,S2_C25_Misconception_Detection,"A student says, 'If one bulb in a series circuit is removed, the other bulbs will continue working normally because each bulb has its own path.' What is wrong with this statement?",Bulbs do not need a circuit,Series circuits always contain separate paths,Removing a bulb increases the number of batteries,Removing one bulb opens the single series path and stops the current,D
2,25,Electric Circuits,Intermediate,Transfer,S2_C25_Transfer,Several household devices are connected in parallel. What is an important advantage of this arrangement?,Every device must stop when another device is switched off,"Each device has an independent branch, so one can operate without the others",Parallel circuits require all devices to have equal resistance,A parallel circuit prevents current from reaching individual devices,B
2,26,Thermodynamics,Advanced,Understanding,S2_C26_Understanding,What does temperature primarily indicate?,The total mass of a substance,The average kinetic energy of particles in a substance,The number of atoms only,The volume of the container only,B
2,26,Thermodynamics,Advanced,Application,S2_C26_Application,A metal spoon becomes warmer after being placed in hot water. What is the main reason?,Energy is transferred from the hotter water to the cooler spoon,The water removes all particles from the spoon,The spoon creates energy from nothing,Heat always moves from colder objects to hotter objects,A
2,26,Thermodynamics,Advanced,Reasoning,S2_C26_Reasoning,"Two samples of water are at the same temperature, but one sample contains more water. Why can the larger sample have greater thermal energy?",The larger sample must have a higher temperature,Thermal energy depends only on temperature and not on the amount of matter,The larger sample contains more particles contributing to its internal energy,The particles in the larger sample have stopped moving,C
2,26,Thermodynamics,Advanced,Problem Solving,S2_C26_Problem_Solving,A substance with mass 2 kg and specific heat capacity 500 J/(kg·°C) is heated by 4°C. How much thermal energy is required?,250 J,"1,000 J","8,000 J","4,000 J",C
2,26,Thermodynamics,Advanced,Misconception Detection,S2_C26_Misconception_Detection,"A student says, 'Temperature is the amount of heat contained in an object.' What is the key error?",Temperature and heat are two names for exactly the same quantity,Heat is simply the temperature of an object's particles,Temperature can exist only while heat is actively flowing,"Temperature describes thermal state, while heat is energy transferred because of a temperature difference",D
2,26,Thermodynamics,Advanced,Transfer,S2_C26_Transfer,"A metal pan is heated on a stove, and its handle becomes warmer even though it is not directly over the flame. Which process best explains this?",The handle produces additional thermal energy by itself,Gravity carries thermal energy through the handle,Only visible light can transfer heat through a metal pan,Conduction transfers thermal energy through the metal,D
2,27,Electromagnetism,Advanced,Understanding,S2_C27_Understanding,What is the relationship between electricity and magnetism described by electromagnetism?,Electricity and magnetism can never affect each other,"Electric currents can produce magnetic fields, and changing magnetic fields can induce electric effects",Magnetic fields exist only when objects are at rest,Electric current destroys magnetic fields,B
2,27,Electromagnetism,Advanced,Application,S2_C27_Application,A current-carrying wire is placed near a compass. The compass needle changes direction. What best explains this observation?,The electric current produces a magnetic field around the wire,The compass creates a new electric current in the wire,The wire loses all of its electrical charge,The wire stops conducting electricity,A
2,27,Electromagnetism,Advanced,Reasoning,S2_C27_Reasoning,Two identical coils carry different currents. Which coil produces the stronger magnetic effect near the coil?,The coil carrying the smaller current produces the stronger effect,Both coils must produce the same magnetic effect,Current has no relationship with magnetic fields,The coil carrying the larger current produces the stronger magnetic effect,D
2,27,Electromagnetism,Advanced,Problem Solving,S2_C27_Problem_Solving,"A transformer has 100 turns in its primary coil and 500 turns in its secondary coil. If the primary voltage is 20 V, what is the ideal secondary voltage?",100 V,20 V,500 V,4 V,A
2,27,Electromagnetism,Advanced,Misconception Detection,S2_C27_Misconception_Detection,"A student says, 'A magnetic field can only exist around a permanent magnet.' What is the key misconception?",Magnetic fields exist only when no current is present,Permanent magnets are the only possible source of magnetic fields,Electric currents can also produce magnetic fields,Electric current and magnetic fields are unrelated,C
2,27,Electromagnetism,Advanced,Transfer,S2_C27_Transfer,An electric generator produces electrical energy as a coil moves relative to a magnetic field. Which principle explains this process?,Any stationary magnetic field automatically produces continuous electrical energy,Electrical energy cannot result from electromagnetic induction,A changing magnetic environment can induce an electrical effect in a conductor,The coil produces electricity because its mass increases,C
2,28,Optics,Advanced,Understanding,S2_C28_Understanding,What is reflection of light?,The complete disappearance of light,The conversion of light into mass,The production of sound by light,The bouncing of light from a surface,D
2,28,Optics,Advanced,Application,S2_C28_Application,A light ray strikes a plane mirror at an angle of incidence of 30°. What is the angle of reflection?,30°,60°,90°,15°,A
2,28,Optics,Advanced,Reasoning,S2_C28_Reasoning,A straw partly submerged in water appears bent when viewed from above. Why does this happen?,Reflection physically bends the straw inside the water,Water prevents light from reaching the observer,The straw changes its physical shape when submerged,Refraction changes the direction of light between water and air,D
2,28,Optics,Advanced,Problem Solving,S2_C28_Problem_Solving,An object is placed 20 cm in front of a plane mirror. How far behind the mirror does its image appear?,20 cm,40 cm,60 cm,10 cm,A
2,28,Optics,Advanced,Misconception Detection,S2_C28_Misconception_Detection,A student measures the angle of incidence from the mirror surface instead of from the normal. Why is this incorrect?,The angle of incidence is measured between the incoming ray and the mirror surface,The angle of incidence is measured between the incoming ray and the normal,The normal is parallel to the mirror surface,The angle cannot be measured for reflected light,B
2,28,Optics,Advanced,Transfer,S2_C28_Transfer,A driver uses a rear-view mirror to see a vehicle behind the car. Which optical principle allows the driver to see the vehicle?,Refraction creates a second source of light behind the mirror,The mirror absorbs the light and sends the image directly to the driver,Reflection redirects light from the vehicle toward the driver's eyes,The mirror increases the brightness of the vehicle itself,C
2,29,Modern Physics,Advanced,Understanding,S2_C29_Understanding,What is one major idea introduced by modern physics?,All physical laws stop applying to the universe,Objects can never have energy,Matter and energy can behave in ways that differ from classical expectations at very small scales or high speeds,Time and space have no physical significance,C
2,29,Modern Physics,Advanced,Application,S2_C29_Application,Light with higher frequency carries more energy per photon than light with lower frequency. Which relationship explains this?,Photon energy decreases with frequency,Photon energy is always zero,Frequency has no relationship to photon energy,Photon energy increases with frequency,D
2,29,Modern Physics,Advanced,Reasoning,S2_C29_Reasoning,"In the photoelectric effect, increasing brightness does not eject electrons when the light frequency is below the threshold frequency. What does this observation support?",Increasing brightness always increases the energy of each photon,Electrons are emitted whenever any light is present,"Photon energy depends on frequency, so below the threshold each photon lacks enough energy",Photon energy is unrelated to the frequency of light,C
2,29,Modern Physics,Advanced,Problem Solving,S2_C29_Problem_Solving,"A photon has frequency 5 × 10^14 Hz. Using h = 6.63 × 10^-34 J·s, approximately what is its energy?",1.3 × 10^-48 J,3.3 × 10^-19 J,3.3 × 10^19 J,3.3 × 10^-20 J,B
2,29,Modern Physics,Advanced,Misconception Detection,S2_C29_Misconception_Detection,"A student says, 'If two light beams have the same frequency, making one brighter must increase the energy of each photon.' Which response best identifies the misconception?","At fixed frequency, greater brightness mainly means more photons rather than more energy per photon",Photon energy depends on brightness but not frequency,Changing brightness removes the energy carried by photons,"At fixed frequency, brightness changes the energy of each photon",A
2,29,Modern Physics,Advanced,Transfer,S2_C29_Transfer,A solar cell converts incoming light into electrical energy. Which explanation is most consistent with the photon model?,Photons cannot interact with electrons in a semiconductor,Photons can transfer energy to electrons in the material,Photon energy is unrelated to the behavior of electrons,Light can produce electricity only through mechanical motion,B
2,30,Quantum Physics Basics,Advanced,Understanding,S2_C30_Understanding,What is a basic idea of quantum physics?,All physical quantities must always vary continuously,Particles cannot have energy,Some physical quantities can take discrete or quantized values,Measurements have no relationship to physical systems,C
2,30,Quantum Physics Basics,Advanced,Application,S2_C30_Application,An electron in an atom moves from a higher energy level to a lower energy level. What can happen?,The electron must disappear,A photon can be emitted with energy equal to the energy difference,No energy change can occur,The atom must lose all of its mass,B
2,30,Quantum Physics Basics,Advanced,Reasoning,S2_C30_Reasoning,Two elements produce different patterns of spectral lines. What is the best explanation?,All elements have identical energy transitions but different sample sizes,Different elements have different allowed energy transitions and characteristic spectral lines,Atoms cannot exchange energy with electromagnetic radiation,Spectral patterns depend only on the brightness of the laboratory light,B
2,30,Quantum Physics Basics,Advanced,Problem Solving,S2_C30_Problem_Solving,"A photon has an energy of 6.63 × 10^-34 J. Using h = 6.63 × 10^-34 J·s, what is its frequency?",10 Hz,6.63 Hz,0 Hz,1 Hz,D
2,30,Quantum Physics Basics,Advanced,Misconception Detection,S2_C30_Misconception_Detection,"A student says, 'Quantum physics means every possible outcome has the same probability.' Which statement corrects this misunderstanding?",Quantum probabilities depend on the physical state and governing rules of the system,Quantum outcomes cannot be described using mathematical rules,Quantum probability applies only to very large objects,Quantum theory assigns equal probability to every possible outcome,A
2,30,Quantum Physics Basics,Advanced,Transfer,S2_C30_Transfer,A laser emits light within a very narrow range of frequencies. Which quantum idea helps explain why atoms can emit photons with specific energies?,Atoms can emit every possible photon energy without restrictions,Photon energy is unrelated to atomic energy levels,Laser light is produced without interactions involving matter,Discrete atomic energy levels allow transitions that produce photons with specific energies,D
3,31,Computational Thinking,Beginner,Understanding,CS31_U,What is the main purpose of decomposition in computational thinking?,To divide a complex problem into smaller manageable parts,To remove all difficult parts of a problem,To make a problem more complicated,To avoid solving the problem,A
3,31,Computational Thinking,Beginner,Application,CS31_A,A student is planning a school event with many tasks. Which approach best demonstrates decomposition?,Replace the event plan with a single general statement about what should happen,Complete the entire event plan at once without separating the tasks,Choose the most difficult task and ignore the others until it is finished,"Break the event into smaller tasks such as budgeting, scheduling, invitations, and setup",D
3,31,Computational Thinking,Beginner,Reasoning,CS31_R,Why is pattern recognition useful when solving problems?,It removes the need to understand the problem,It guarantees that every problem has the same solution,It can help identify similarities with problems solved before,It makes problems impossible to solve,C
3,31,Computational Thinking,Beginner,Problem Solving,CS31_P,You need to calculate the total cost of several items. Which approach best uses decomposition?,Ignore the individual item costs,Calculate each item's cost and then combine the results,Choose a random total,Only calculate the most expensive item,B
3,31,Computational Thinking,Beginner,Misconception Detection,CS31_M,Which statement shows a common misunderstanding about decomposition?,The smaller parts created by decomposition can be solved separately and then combined,Decomposition can make a complex problem easier to manage by dividing it into smaller parts,Decomposition means removing difficult parts of a problem so they do not need to be solved,Decomposition can help identify the different tasks that make up a larger problem,C
3,31,Computational Thinking,Beginner,Transfer,CS31_T,Which situation is an example of applying decomposition outside programming?,Breaking a complex project into smaller tasks,Making a task harder on purpose,Avoiding all planning,Doing every task simultaneously without organization,A
3,32,Algorithms,Beginner,Understanding,CS32_U,What is an algorithm?,A finite sequence of clear steps for solving a problem,A type of computer hardware,A programming language,A computer screen,A
3,32,Algorithms,Beginner,Application,CS32_A,Which sequence correctly describes an algorithm for comparing two numbers?,Always output the first number,Output a random number,Ignore both numbers,"Read the two numbers, compare them, then output the larger number",D
3,32,Algorithms,Beginner,Reasoning,CS32_R,Why should algorithm steps be clear and unambiguous?,So that it can only be used once,So that the algorithm becomes longer,So that no one can understand it,So that the procedure can be followed consistently,D
3,32,Algorithms,Beginner,Problem Solving,CS32_P,Which method can be used to determine whether an integer is even or odd?,Add 2 to the number,Multiply the number by 2,Check the remainder after dividing the number by 2,Convert every number to zero,C
3,32,Algorithms,Beginner,Misconception Detection,CS32_M,Which statement is incorrect about algorithms?,An algorithm can be described using ordinary language,An algorithm must always be written in Python,An algorithm consists of steps for solving a problem,An algorithm should have clear instructions,B
3,32,Algorithms,Beginner,Transfer,CS32_T,A student needs to give a friend precise instructions for preparing a simple meal. Which feature would make the instructions most like an algorithm?,The instructions describe only the final result without explaining how to reach it,The instructions contain clear steps that can be followed in a defined order,The instructions change their meaning depending on who reads them,The instructions include several possible actions without specifying when to choose each one,B
3,33,Programming Fundamentals,Beginner,Understanding,CS33_U,What is a variable in programming?,A type of monitor,A physical computer component,A named place used to store a value,A network cable,C
3,33,Programming Fundamentals,Beginner,Application,CS33_A,You need to store three test scores and calculate their total. What programming concept can store the scores?,Variables,A monitor,A keyboard,A network router,A
3,33,Programming Fundamentals,Beginner,Reasoning,CS33_R,Why are conditional statements useful in programs?,They always repeat the same action,They allow different actions depending on whether a condition is true or false,They permanently store files,They replace all variables,B
3,33,Programming Fundamentals,Beginner,Problem Solving,CS33_P,A program should print 'Pass' when a student's score is 50 or higher and 'Fail' otherwise. Which concept is needed?,A conditional statement,A computer monitor,A storage device,A network cable,A
3,33,Programming Fundamentals,Beginner,Misconception Detection,CS33_M,Which statement about variables is a misconception?,The role and behavior of a variable can depend on the programming language being used,A variable can be used to store a value that a program needs to work with,Variables allow programs to refer to stored data using meaningful names,A variable must always represent exactly the same kind of value throughout every program,D
3,33,Programming Fundamentals,Beginner,Transfer,CS33_T,Which programming concept is most useful when the same action must be repeated for every item in a list?,A printer,A monitor,A loop,A network cable,C
3,34,Data Representation,Beginner,Understanding,CS34_U,Why do digital computers commonly use binary representation?,Binary is always shorter than decimal,Computers can only understand decimal numbers,Binary requires no hardware,Digital hardware can reliably represent two distinct states,D
3,34,Data Representation,Beginner,Application,CS34_A,What is the binary representation of decimal 5?,110,100,101,111,C
3,34,Data Representation,Beginner,Reasoning,CS34_R,Why can the same binary pattern represent different types of information?,Binary cannot represent images,Binary patterns always mean numbers,Binary can only represent text,Its meaning depends on how the data is interpreted,D
3,34,Data Representation,Beginner,Problem Solving,CS34_P,What is the binary representation of decimal 10?,1010,1001,1100,1110,A
3,34,Data Representation,Beginner,Misconception Detection,CS34_M,Which statement about a bit is correct?,A bit always stores a complete image,"A bit can represent one of two binary states, commonly 0 or 1",A bit must contain a decimal number from 0 to 9,A bit is larger than a byte,B
3,34,Data Representation,Beginner,Transfer,CS34_T,How can a digital photograph be represented inside a computer?,Only as handwritten text,As numerical data representing pixel information,Only as physical paper,Without any digital data,B
3,35,Computer Systems Basics,Beginner,Understanding,CS35_U,What is the main role of the CPU?,To permanently store all files,To provide internet access by itself,To display images without processing,To execute instructions and process data,D
3,35,Computer Systems Basics,Beginner,Application,CS35_A,Which component provides temporary working storage for programs that are currently running?,RAM,SSD,Keyboard,Monitor,A
3,35,Computer Systems Basics,Beginner,Reasoning,CS35_R,Why is RAM different from an SSD in a typical computer system?,RAM permanently stores files while an SSD does not,"RAM is temporary working memory, while an SSD provides persistent storage",Both are exactly the same type of memory,An SSD is used only to display images,B
3,35,Computer Systems Basics,Beginner,Problem Solving,CS35_P,A computer becomes noticeably slower when many applications are open at the same time. Which explanation is most reasonable?,The keyboard automatically reduces the processor's instruction speed when more applications are opened,The monitor changes the computer's internal processing capacity according to the number of open applications,The SSD stops permanently storing files whenever RAM usage increases,"The available RAM may become heavily used, causing the operating system to manage memory more actively",D
3,35,Computer Systems Basics,Beginner,Misconception Detection,CS35_M,Which statement is incorrect?,The CPU executes instructions,RAM provides temporary working memory,The CPU is a permanent storage device for files,Storage devices can keep data after power is turned off,C
3,35,Computer Systems Basics,Beginner,Transfer,CS35_T,Why do smartphone applications depend on both hardware and software?,Software instructions run using the smartphone's hardware resources,Hardware can run every application without software,Software never interacts with hardware,Applications do not require processing,A
3,36,Data Structures,Intermediate,Understanding,CS36_U,What is the main purpose of a data structure?,To organize and store data so it can be accessed and processed effectively,To replace the operating system,To increase the physical size of memory,To prevent programs from using data,A
3,36,Data Structures,Intermediate,Application,CS36_A,A program repeatedly needs to add items at one end of a collection and remove the most recently added item. Which data structure is the most appropriate?,"Queue, because it processes the oldest item first","Graph, because it represents relationships between items","Stack, because it follows a last-in, first-out pattern","Hash table, because it maps keys to values",C
3,36,Data Structures,Intermediate,Reasoning,CS36_R,Why can choosing an appropriate data structure improve a program?,Different structures support different operations efficiently,Every data structure performs every operation equally well,Data structures eliminate the need for algorithms,The choice of structure never affects performance,A
3,36,Data Structures,Intermediate,Problem Solving,CS36_P,"A program frequently needs to access the first item, remove it, and then process the next item in arrival order. Which data structure best matches this requirement?",Stack,Queue,Binary search tree,Hash table,B
3,36,Data Structures,Intermediate,Misconception Detection,CS36_M,Which statement is incorrect about data structures?,Different structures have different strengths,A queue follows first-in-first-out behavior,A stack follows last-in-first-out behavior,There is one data structure that is always the best choice for every problem,D
3,36,Data Structures,Intermediate,Transfer,CS36_T,A hospital wants to manage patients waiting for service in arrival order. Which data-structure idea best represents this process?,Stack,Queue,Tree,Graph,B
3,37,Object-Oriented Programming,Intermediate,Understanding,CS37_U,What is the main idea of a class in object-oriented programming?,It defines a structure and behavior that objects can use,It is always a physical computer component,It stores only images,It replaces the operating system,A
3,37,Object-Oriented Programming,Intermediate,Application,CS37_A,A program models several bank accounts. Which approach is most appropriate in object-oriented programming?,Create a separate computer for every account,Create a BankAccount class and objects representing individual accounts,Store every account only as a picture,Avoid representing account data in the program,B
3,37,Object-Oriented Programming,Intermediate,Reasoning,CS37_R,Why is encapsulation useful in object-oriented programming?,It makes all internal data accessible to everyone,It prevents objects from having any behavior,It helps control access to an object's internal data and behavior,It removes the need for program logic,C
3,37,Object-Oriented Programming,Intermediate,Problem Solving,CS37_P,You are designing a program for different types of vehicles. Cars and motorcycles share some common properties but also have specialized behavior. Which OOP feature can help model this relationship?,Randomization,Binary conversion,File compression,Inheritance,D
3,37,Object-Oriented Programming,Intermediate,Misconception Detection,CS37_M,Which statement shows a misconception about objects?,An object can contain data and behavior,An object must always represent a physical object in the real world,Objects can be created from classes,A program can use objects to model concepts,B
3,37,Object-Oriented Programming,Intermediate,Transfer,CS37_T,"A school-management system represents students, teachers, and courses as objects. What does this demonstrate?",Using objects only for graphical design,Avoiding data organization,Using objects to model entities and their relationships in a problem domain,Replacing all algorithms with hardware,C
3,38,Database Fundamentals,Intermediate,Understanding,CS38_U,What is the primary purpose of a database?,To replace the computer's CPU,To prevent data from being searched,To display only images,To store and organize data so it can be managed and retrieved efficiently,D
3,38,Database Fundamentals,Intermediate,Application,CS38_A,"A school needs to store student names, IDs, and grades. Which database structure is commonly used to organize this information?",A computer monitor,A table with rows and columns,A network cable,A CPU register,B
3,38,Database Fundamentals,Intermediate,Reasoning,CS38_R,Why is a primary key useful in a relational database table?,It guarantees that every record has the same values,It can uniquely identify each record,It replaces every column in the table,It prevents the database from storing data,B
3,38,Database Fundamentals,Intermediate,Problem Solving,CS38_P,A teacher wants to find all students whose grades are above 80. What database operation is most appropriate?,Delete all student records,Change every grade to 80,Turn off the database,Query the data using a condition on the grade,D
3,38,Database Fundamentals,Intermediate,Misconception Detection,CS38_M,Which statement about databases is incorrect?,Databases can support searching and retrieving information,Relational databases organize data using tables,A database is simply a collection of unrelated files with no organization,A database can contain many related records,C
3,38,Database Fundamentals,Intermediate,Transfer,CS38_T,A hospital needs to manage patient records and retrieve them quickly. Why would a database be useful?,"It provides an organized way to store, search, and update patient information",It removes the need for any stored data,It prevents information from being updated,It can only store images,A
3,39,Computer Networks,Intermediate,Understanding,CS39_U,What is the main purpose of a computer network?,To make every computer operate without software,To allow connected devices to communicate and share resources,To replace all storage devices,To prevent devices from communicating,B
3,39,Computer Networks,Intermediate,Application,CS39_A,Several computers in an office need to share files and a printer. What technology enables this?,A CPU cache,A single variable,A computer network,A programming loop,C
3,39,Computer Networks,Intermediate,Reasoning,CS39_R,Why are network protocols important?,They make communication completely random,They physically increase the size of computers,They eliminate the need for network devices,They define rules that devices use to communicate,D
3,39,Computer Networks,Intermediate,Problem Solving,CS39_P,"A laptop can communicate with other devices on the same local network, but it cannot access websites on the Internet. Which investigation is most appropriate first?",Replace the laptop's keyboard because network communication depends on keyboard input,Increase the monitor resolution because websites require higher display settings,"Check the Internet connection, default gateway, and network configuration",Delete files from the laptop because Internet access requires additional storage space,C
3,39,Computer Networks,Intermediate,Misconception Detection,CS39_M,Which statement is incorrect about computer networks?,Networks can connect devices over different distances,Devices can communicate using agreed protocols,Networks can support resource sharing,A network always requires every device to be physically next to each other,D
3,39,Computer Networks,Intermediate,Transfer,CS39_T,A student sends a file from a phone to a laptop using a wireless connection. What concept does this demonstrate?,Network communication and data transfer,Database normalization,CPU instruction execution only,Object inheritance,A
3,40,Operating Systems Basics,Intermediate,Understanding,CS40_U,What is a major responsibility of an operating system?,Only displaying pictures,Managing computer resources and providing services for applications,Replacing all application software,Storing every file permanently inside the CPU,B
3,40,Operating Systems Basics,Intermediate,Application,CS40_A,A computer is running several applications at the same time. Which operating-system responsibility is most directly involved in deciding how processor time is shared among them?,Process scheduling and management,Screen brightness control,File compression,Web page design,A
3,40,Operating Systems Basics,Intermediate,Reasoning,CS40_R,Why does an operating system manage memory?,To permanently increase the computer's physical RAM,To allocate memory to programs and help prevent conflicting use of memory,To eliminate the need for storage devices,To make every program use exactly the same amount of memory,B
3,40,Operating Systems Basics,Intermediate,Problem Solving,CS40_P,A program stops responding while other applications continue running normally. Which operating-system capability is most relevant when attempting to isolate or terminate the problematic program?,Image rendering,Keyboard layout selection,Printer formatting,Process management,D
3,40,Operating Systems Basics,Intermediate,Misconception Detection,CS40_M,Which statement about an operating system is incorrect?,An operating system manages resources,It provides services for applications,It can manage processes and memory,The operating system is only a graphical interface and does not manage hardware resources,D
3,40,Operating Systems Basics,Intermediate,Transfer,CS40_T,A smartphone allows a user to switch between multiple applications while managing memory and processor time. Which concept explains this?,Database primary keys,Algorithm sorting,Operating-system resource and process management,Binary image compression,C
3,41,Algorithm Analysis,Advanced,Understanding,CS41_U,What does the time complexity of an algorithm describe?,How the algorithm's running time grows as the input size increases,The amount of screen space used by the program,The physical size of the computer,The programming language used to write the algorithm,A
3,41,Algorithm Analysis,Advanced,Application,CS41_A,An algorithm examines every element in a list of n elements once. What is its typical time complexity?,O(n),O(n²),O(1),O(2ⁿ),A
3,41,Algorithm Analysis,Advanced,Reasoning,CS41_R,Why can an O(log n) search algorithm be much faster than an O(n) search for large inputs?,O(log n) always examines every element,The number of required steps grows much more slowly as the input increases,O(n) becomes constant for large inputs,The two complexities always require the same number of steps,B
3,41,Algorithm Analysis,Advanced,Problem Solving,CS41_P,"An algorithm contains two consecutive loops. The first processes n items, while the second processes n² items. What is the overall time complexity, assuming the loops are not nested?",O(n),O(log n),O(n³),O(n²),D
3,41,Algorithm Analysis,Advanced,Misconception Detection,CS41_M,Which statement about Big-O notation is incorrect?,Big-O describes growth behavior,O(n) means the algorithm always performs exactly n operations,Input size affects complexity analysis,Different algorithms can have different complexity classes,B
3,41,Algorithm Analysis,Advanced,Transfer,CS41_T,"When choosing between two algorithms for a very large dataset, why might complexity analysis be useful?",It guarantees the faster algorithm on every possible computer,It determines the program's user interface,It helps estimate how each algorithm may scale as the dataset grows,It eliminates the need to test algorithms,C
3,42,Advanced Data Structures,Advanced,Understanding,CS42_U,What is a key advantage of a balanced binary search tree?,It stores data without any ordering,It always requires every node to have exactly three children,It can only store numerical values,"It can support search, insertion, and deletion efficiently when the tree remains balanced",D
3,42,Advanced Data Structures,Advanced,Application,CS42_A,A system frequently needs to retrieve items according to their priority rather than their arrival order. Which data structure is appropriate?,Simple stack,Unordered character string,Priority queue,Single Boolean variable,C
3,42,Advanced Data Structures,Advanced,Reasoning,CS42_R,"A system needs fast average lookup by key, but it also needs to keep items ordered so that they can be processed from smallest to largest key. Which trade-off is most relevant when choosing between a hash table and a balanced search tree?","A hash table always preserves sorted key order, while a balanced search tree does not","A balanced search tree cannot perform key-based lookup, while a hash table can only store numeric keys","A hash table generally provides faster average key lookup, while a balanced search tree supports ordered operations",Both structures provide exactly the same operations and performance characteristics,C
3,42,Advanced Data Structures,Advanced,Problem Solving,CS42_P,A graph represents cities connected by roads. You need to determine whether a route exists between two cities. Which approach can solve this problem?,Binary search on the city names only,Graph traversal such as breadth-first search or depth-first search,Deleting all graph edges,A stack containing one value,B
3,42,Advanced Data Structures,Advanced,Misconception Detection,CS42_M,Which statement about hash tables is incorrect?,Hash tables use keys to locate stored values,A hash table guarantees O(1) lookup time in every possible situation,Hash functions play an important role in lookup,Collisions can occur when different keys map to the same location,B
3,42,Advanced Data Structures,Advanced,Transfer,CS42_T,A navigation system represents locations as vertices and connections between them as edges. Which data structure best models this information?,Graph,Simple variable,Queue only,Stack,A
3,43,Artificial Intelligence Fundamentals,Advanced,Understanding,CS43_U,Why is generalization an important goal for an artificial intelligence system?,It guarantees that the system will always produce the same output regardless of the input,It allows the system to perform well on new cases rather than only memorizing its training examples,It removes the need to evaluate the system on data it has not seen before,It means the system must use exactly the same data for training and evaluation,B
3,43,Artificial Intelligence Fundamentals,Advanced,Application,CS43_A,A system analyzes medical images and identifies patterns associated with diseases. Which field does this primarily illustrate?,Computer assembly,File compression,Operating-system installation,Artificial intelligence,D
3,43,Artificial Intelligence Fundamentals,Advanced,Reasoning,CS43_R,Why can AI systems perform poorly when their training or input data does not represent the situations they encounter?,AI systems always produce the same accuracy regardless of data,The system may learn patterns that do not generalize well to unseen situations,AI systems never depend on input data,More data automatically guarantees perfect predictions,B
3,43,Artificial Intelligence Fundamentals,Advanced,Problem Solving,CS43_P,"A hospital develops an AI model to classify medical images. Training performance is high, but performance drops substantially on images from a different hospital. Which explanation is most plausible?",The model may have learned patterns specific to the original data distribution and may not generalize well to the new data,The new hospital's images cannot be classified by AI because medical images require manual decisions,The model is failing because classification systems can only work when every image is identical to a training image,The model must be correct because high training performance proves that the learned patterns are universally valid,A
3,43,Artificial Intelligence Fundamentals,Advanced,Misconception Detection,CS43_M,Which statement reflects a misconception about artificial intelligence?,An AI system can produce useful predictions without possessing human-like understanding or consciousness,An AI system can identify patterns in data without reasoning about them in exactly the same way a human does,An AI system that performs well on a task necessarily understands that task in the same sense as a human,AI systems can be designed for specific tasks without having general human intelligence,C
3,43,Artificial Intelligence Fundamentals,Advanced,Transfer,CS43_T,"A streaming service wants to recommend unfamiliar movies to users based on viewing history, ratings, and similarities between users. Which AI idea is being transferred to this new context?",Replacing all data with manually written rules that never change,Guaranteeing that every user receives exactly the same recommendation,Using patterns in available data to make predictions or recommendations for future decisions,Avoiding the use of previous observations because recommendations should depend only on the current movie,C
3,44,Machine Learning Fundamentals,Advanced,Understanding,CS44_U,What is the basic idea of machine learning?,Writing every possible answer manually,Removing data from a program,Learning patterns from data so a model can make predictions or decisions,Making hardware operate without instructions,C
3,44,Machine Learning Fundamentals,Advanced,Application,CS44_A,A model is trained using apartment features and known sale prices. The goal is to predict the price of a new apartment. Why is this a supervised regression problem?,The model discovers groups without using any known target values,The model only decides between two fixed categories,The model learns entirely from unlabeled images without a prediction target,The model receives labeled examples containing input features and known numerical target values,D
3,44,Machine Learning Fundamentals,Advanced,Reasoning,CS44_R,A model achieves 99% accuracy on its training data but performs poorly on a separate test set. Which conclusion is most justified?,The model has probably learned useful patterns that guarantee strong performance on all future data,The test set is unnecessary because training accuracy already measures generalization,The model may be overfitting the training data and failing to generalize to unseen examples,High training performance proves that the features contain no noise or bias,C
3,44,Machine Learning Fundamentals,Advanced,Problem Solving,CS44_P,A model performs extremely well on its training data but poorly on new data. What problem is most likely occurring?,Overfitting,Network routing,Data compression,Under-storage,A
3,44,Machine Learning Fundamentals,Advanced,Misconception Detection,CS44_M,Which statement about machine learning is incorrect?,Training data is used to learn model parameters,A model with perfect training accuracy must always perform perfectly on unseen data,Models can generalize better or worse depending on the data and method,Evaluation should consider performance on data not used for training,B
3,44,Machine Learning Fundamentals,Advanced,Transfer,CS44_T,A bank wants to use historical customer information to estimate the probability that a new applicant will repay a loan. Which machine-learning approach is most directly applicable?,Ignore historical outcomes and randomly assign a repayment probability to each applicant,Use labeled historical examples to train a supervised model that predicts the repayment outcome,Train a model without any target information and assume every applicant belongs to the same outcome group,Use only the applicant's name because other features cannot be used in prediction,B
3,45,Computer Architecture,Advanced,Understanding,CS45_U,What does computer architecture primarily describe?,The visual design of a website,The organization and interaction of major computer components and how they execute instructions,The names of application files,The color scheme of an operating system,B
3,45,Computer Architecture,Advanced,Application,CS45_A,A processor needs very fast access to frequently used data. Which type of memory is designed to reduce the time needed to access such data?,Cache memory,A printer,A keyboard,External paper storage,A
3,45,Computer Architecture,Advanced,Reasoning,CS45_R,A processor repeatedly accesses a small set of data. Why can cache memory improve performance in this situation?,The cache permanently replaces secondary storage so the operating system no longer needs an SSD or hard drive,The cache increases the amount of data that can be stored permanently even after the computer is powered off,"The cache can keep frequently accessed data close to the CPU, reducing the average time needed to retrieve it",The cache eliminates the need for the processor to execute instructions because data is already available,C
3,45,Computer Architecture,Advanced,Problem Solving,CS45_P,A program repeatedly accesses the same small set of data. Which architectural feature can help improve its performance?,A larger monitor,CPU cache,A printer buffer only,A keyboard shortcut,B
3,45,Computer Architecture,Advanced,Misconception Detection,CS45_M,Which statement about CPU cache is incorrect?,Cache is designed for fast access,Cache can store frequently used data,Cache is located closer to the processor than main memory,Cache is a form of permanent storage designed to replace an SSD,D
3,45,Computer Architecture,Advanced,Transfer,CS45_T,A game becomes faster when frequently used instructions and data can be accessed quickly by the processor. Which architectural concept helps explain this?,Memory hierarchy and caching,Object inheritance,Network addressing,Database normalization,A
