content_id,subject_id,concept_id,concept_name,difficulty,question_type,question_id,question_text,option_a,option_b,option_c,option_d,correct_answer
CONTENT_1,1,1,Number Systems,Beginner,Understanding,S1_C1_Understanding,Which statement correctly describes an integer?,An integer is any number written as a fraction.,"An integer is a whole number or its negative, including zero.",An integer is always greater than zero.,An integer must have a decimal part.,B
CONTENT_1,1,1,Number Systems,Beginner,Application,S1_C1_Application,A temperature is 5°C below zero. Which integer represents this temperature?,5,0,-5,5.0,C
CONTENT_1,1,1,Number Systems,Beginner,Reasoning,S1_C1_Reasoning,Which number is greater than -3 but less than 2?,-5,-2,3,4,B
CONTENT_1,1,1,Number Systems,Beginner,Problem Solving,S1_C1_Problem_Solving,A bank account changes from -20 dollars to 15 dollars. What is the total change in the account balance?,5 dollars,25 dollars,35 dollars,45 dollars,C
CONTENT_1,1,1,Number Systems,Beginner,Misconception Detection,S1_C1_Misconception_Detection,A student says: 'Every rational number must be an integer.' Which statement best evaluates the student's claim?,The claim is correct because rational numbers cannot contain fractions.,The claim is correct because every rational number is positive.,The claim is incorrect because some rational numbers are fractions that are not integers.,The claim is incorrect because rational numbers are always irrational.,C
CONTENT_1,1,1,Number Systems,Beginner,Transfer,S1_C1_Transfer,"A submarine is 12 meters below sea level, while a bird is 12 meters above sea level. Which pair of integers represents their positions?",12 and 12,-12 and 12,12 and -12,-12 and -12,B
CONTENT_2,1,2,Algebraic Expressions,Beginner,Understanding,S1_C2_Understanding,"In the expression 3x + 5, what is the coefficient of x?",3,5,x,8,A
CONTENT_2,1,2,Algebraic Expressions,Beginner,Application,S1_C2_Application,"If x = 4, what is the value of 2x + 3?",8,9,11,14,C
CONTENT_2,1,2,Algebraic Expressions,Beginner,Reasoning,S1_C2_Reasoning,Which expression is equivalent to 4x + 2x?,6x,8x,6x²,4x² + 2,A
CONTENT_2,1,2,Algebraic Expressions,Beginner,Problem Solving,S1_C2_Problem_Solving,A rectangle has a length of x + 3 meters and a width of 2 meters. Which expression represents its perimeter?,x + 5,2x + 6,2x + 10,x + 10,C
CONTENT_2,1,2,Algebraic Expressions,Beginner,Misconception Detection,S1_C2_Misconception_Detection,A student simplifies 3x + 4 as 7x. What is the error in the student's reasoning?,The student added terms that are not like terms.,The student multiplied the coefficients incorrectly.,The student forgot that x is always zero.,The student changed a variable into a constant.,A
CONTENT_2,1,2,Algebraic Expressions,Beginner,Transfer,S1_C2_Transfer,A movie ticket costs x dollars and a snack costs 4 dollars. Which expression represents the total cost of 3 tickets and one snack?,3x + 4,x + 12,3(x + 4),4x + 3,A
CONTENT_3,1,3,Linear Equations,Beginner,Understanding,S1_C3_Understanding,Which equation is linear in one variable?,x² + 2 = 6,2x + 3 = 7,1/x = 4,x³ = 8,B
CONTENT_3,1,3,Linear Equations,Beginner,Application,S1_C3_Application,Solve the equation x + 7 = 12.,x = 3,x = 4,x = 5,x = 19,C
CONTENT_3,1,3,Linear Equations,Beginner,Reasoning,S1_C3_Reasoning,"If 3x = 18, which operation isolates x?",Add 3 to both sides.,Subtract 3 from both sides.,Multiply both sides by 3.,Divide both sides by 3.,D
CONTENT_3,1,3,Linear Equations,Beginner,Problem Solving,S1_C3_Problem_Solving,"A taxi charges a fixed fee of 5 dollars plus 2 dollars per kilometer. If the total fare is 17 dollars, how many kilometers were traveled?",5 km,6 km,8 km,11 km,B
CONTENT_3,1,3,Linear Equations,Beginner,Misconception Detection,S1_C3_Misconception_Detection,A student solves 2x + 4 = 10 by subtracting 4 from the left side only. Why is this invalid?,Because subtraction is never allowed in equations.,Because the same operation must be applied to both sides to preserve equality.,Because x cannot appear in a linear equation.,Because 10 is not a valid constant.,B
CONTENT_3,1,3,Linear Equations,Beginner,Transfer,S1_C3_Transfer,A number increased by 9 is equal to 20. Which equation represents this situation?,x - 9 = 20,9x = 20,x + 9 = 20,x + 20 = 9,C
CONTENT_4,1,4,Ratios and Proportions,Beginner,Understanding,S1_C4_Understanding,What does the ratio 2:3 mean?,There are 2 parts for every 3 corresponding parts.,The two quantities must both equal 3.,The difference between the quantities is always 3.,The total of the quantities must be 2.,A
CONTENT_4,1,4,Ratios and Proportions,Beginner,Application,S1_C4_Application,"The ratio of red balls to blue balls is 2:5. If there are 4 red balls, how many blue balls are there?",7,8,10,12,C
CONTENT_4,1,4,Ratios and Proportions,Beginner,Reasoning,S1_C4_Reasoning,Which ratio is equivalent to 3:4?,6:8,6:7,9:16,12:9,A
CONTENT_4,1,4,Ratios and Proportions,Beginner,Problem Solving,S1_C4_Problem_Solving,A recipe uses 3 cups of flour for every 2 cups of milk. How many cups of flour are needed for 6 cups of milk?,6 cups,8 cups,9 cups,12 cups,C
CONTENT_4,1,4,Ratios and Proportions,Beginner,Misconception Detection,S1_C4_Misconception_Detection,A student says that 2:3 and 2:6 are equivalent ratios because both begin with 2. What is wrong with the student's claim?,Equivalent ratios require the corresponding terms to be multiplied or divided by the same nonzero factor.,Ratios can only contain numbers greater than 5.,The first number in a ratio must always be larger.,Equivalent ratios must have identical second terms.,A
CONTENT_4,1,4,Ratios and Proportions,Beginner,Transfer,S1_C4_Transfer,"On a map, 1 centimeter represents 5 kilometers. Two cities are 4 centimeters apart on the map. What is their actual distance?",9 km,15 km,20 km,25 km,C
CONTENT_5,1,5,Basic Geometry,Beginner,Understanding,S1_C5_Understanding,How many degrees are in the interior angles of a triangle altogether?,90°,180°,270°,360°,B
CONTENT_5,1,5,Basic Geometry,Beginner,Application,S1_C5_Application,A rectangle has a length of 8 cm and a width of 3 cm. What is its area?,11 cm²,22 cm²,24 cm²,48 cm²,C
CONTENT_5,1,5,Basic Geometry,Beginner,Reasoning,S1_C5_Reasoning,A triangle has angles of 50° and 60°. What is the measure of its third angle?,60°,70°,80°,90°,B
CONTENT_5,1,5,Basic Geometry,Beginner,Problem Solving,S1_C5_Problem_Solving,A square has a side length of 6 cm. What is its perimeter?,12 cm,18 cm,24 cm,36 cm,C
CONTENT_5,1,5,Basic Geometry,Beginner,Misconception Detection,S1_C5_Misconception_Detection,A student says that the area of a rectangle with length 5 cm and width 4 cm is 18 cm² because 5 + 4 = 9 and then 9 × 2 = 18. What is the correct evaluation?,The student is correct because rectangle area is found by adding all sides.,The student is incorrect because the area is 5 × 4 = 20 cm².,The student is incorrect because the area is 5 + 4 = 9 cm².,The student is correct because perimeter and area are calculated the same way.,B
CONTENT_5,1,5,Basic Geometry,Beginner,Transfer,S1_C5_Transfer,A rectangular garden is 10 meters long and 4 meters wide. A path is built around its boundary. What measurement describes the total distance around the garden?,Area,Volume,Perimeter,Diagonal,C
CONTENT_6,1,6,Quadratic Equations,Intermediate,Understanding,S1_C6_Understanding,Which statement correctly describes the solutions of a quadratic equation such as x² - 5x + 6 = 0?,It can have at most one real solution.,It can have two real solutions.,It must have exactly three real solutions.,It can never have real solutions.,B
CONTENT_6,1,6,Quadratic Equations,Intermediate,Application,S1_C6_Application,Solve x² - 5x + 6 = 0.,x = 1 or x = 6,x = 2 or x = 3,x = -2 or x = -3,x = 5 or x = 6,B
CONTENT_6,1,6,Quadratic Equations,Intermediate,Reasoning,S1_C6_Reasoning,"For x² - 7x + 12 = 0, which factorization correctly represents the equation?",(x - 2)(x - 6) = 0,(x + 2)(x + 6) = 0,(x - 3)(x - 4) = 0,(x + 3)(x + 4) = 0,C
CONTENT_6,1,6,Quadratic Equations,Intermediate,Problem Solving,S1_C6_Problem_Solving,"A rectangular garden has an area of 48 m². Its length is 2 meters greater than its width. If the width is x meters, which equation represents the situation?",x(x + 2) = 48,2x + 2 = 48,x + (x + 2) = 48,x(x - 2) = 48,A
CONTENT_6,1,6,Quadratic Equations,Intermediate,Misconception Detection,S1_C6_Misconception_Detection,A student factors x² - 9 as (x - 9)(x + 9). What is the error?,The difference of squares is x² - 9 = (x - 3)(x + 3).,The difference of squares is x² - 9 = (x - 9)².,The expression cannot be factored.,The expression equals (x + 3)².,A
CONTENT_6,1,6,Quadratic Equations,Intermediate,Transfer,S1_C6_Transfer,"The height of an object is modeled by h(t) = -t² + 6t, where t is time in seconds. At what times is the object at ground level, assuming ground level means h(t) = 0?",t = 0 and t = 6,t = 1 and t = 5,t = 2 and t = 4,t = 3 and t = 6,A
CONTENT_7,1,7,Functions,Intermediate,Understanding,S1_C7_Understanding,Which condition must be true for a relation to represent a function?,Each input is paired with exactly one output.,Each output is paired with exactly one input.,Every input must equal its output.,Every function must have two outputs for each input.,A
CONTENT_7,1,7,Functions,Intermediate,Application,S1_C7_Application,"For f(x) = x² - 2x + 3, what is f(4)?",7,9,11,13,C
CONTENT_7,1,7,Functions,Intermediate,Reasoning,S1_C7_Reasoning,"If f(x) = 3x - 2 and f(x) = 13, what is x?",3,4,5,6,C
CONTENT_7,1,7,Functions,Intermediate,Problem Solving,S1_C7_Problem_Solving,"A school charges a registration fee of 20 dollars plus 5 dollars for each workshop attended. If a student attends x workshops, which function gives the total cost?",C(x) = 20x + 5,C(x) = 5x + 20,C(x) = 25x,C(x) = 20 + 5,B
CONTENT_7,1,7,Functions,Intermediate,Misconception Detection,S1_C7_Misconception_Detection,A student claims that f(x) = x² is not a function because both 2 and -2 produce the output 4. What is the correct evaluation?,The claim is correct because every output must have one input.,The claim is incorrect because different inputs may have the same output.,The claim is correct because x² has no outputs.,The claim is incorrect only when x is positive.,B
CONTENT_7,1,7,Functions,Intermediate,Transfer,S1_C7_Transfer,A temperature converter is represented by C(F) = (5/9)(F - 32). What Celsius temperature corresponds to 68°F?,10°C,15°C,20°C,25°C,C
CONTENT_8,1,8,Systems of Equations,Intermediate,Understanding,S1_C8_Understanding,What does it mean for an ordered pair to be a solution of a system of two equations?,It satisfies only the first equation.,It satisfies only the second equation.,It satisfies both equations simultaneously.,It has equal x and y values.,C
CONTENT_8,1,8,Systems of Equations,Intermediate,Application,S1_C8_Application,Solve the system x + y = 9 and x - y = 3.,"(3, 6)","(6, 3)","(4, 5)","(5, 4)",B
CONTENT_8,1,8,Systems of Equations,Intermediate,Reasoning,S1_C8_Reasoning,"For the system 2x + y = 8 and x + y = 5, which value of x is obtained by subtracting the second equation from the first?",2,3,4,5,B
CONTENT_8,1,8,Systems of Equations,Intermediate,Problem Solving,S1_C8_Problem_Solving,"At a school event, 30 tickets were sold. Adult tickets cost 8 dollars and student tickets cost 5 dollars. The total revenue was 210 dollars. If x is the number of adult tickets and y is the number of student tickets, which system represents the situation?",x + y = 30 and 8x + 5y = 210,x - y = 30 and 8x - 5y = 210,8x + 5y = 30 and x + y = 210,x + y = 210 and 8x + 5y = 30,A
CONTENT_8,1,8,Systems of Equations,Intermediate,Misconception Detection,S1_C8_Misconception_Detection,A student finds x = 4 from one equation in a system and says the solution is x = 4 without finding y. Why is this incomplete?,A system solution normally requires the values of all variables that satisfy every equation.,The value of x can never be part of a system.,Systems of equations contain no variables.,The student must always find three variables.,A
CONTENT_8,1,8,Systems of Equations,Intermediate,Transfer,S1_C8_Transfer,Two numbers have a sum of 18 and a difference of 4. Which system can be used to find the two numbers x and y?,x + y = 18 and x - y = 4,x - y = 18 and x + y = 4,xy = 18 and x - y = 4,x + y = 4 and xy = 18,A
CONTENT_9,1,9,Trigonometry,Intermediate,Understanding,S1_C9_Understanding,"In a right triangle, which ratio represents cosine of an angle θ?",Opposite ÷ Hypotenuse,Adjacent ÷ Hypotenuse,Opposite ÷ Adjacent,Hypotenuse ÷ Adjacent,B
CONTENT_9,1,9,Trigonometry,Intermediate,Application,S1_C9_Application,"In a right triangle, the adjacent side to θ is 8 cm and the hypotenuse is 10 cm. What is cos(θ)?",0.6,0.7,0.8,0.9,C
CONTENT_9,1,9,Trigonometry,Intermediate,Reasoning,S1_C9_Reasoning,A right triangle has opposite side 5 and adjacent side 12 relative to θ. What is tan(θ)?,5/12,12/5,5/13,12/13,A
CONTENT_9,1,9,Trigonometry,Intermediate,Problem Solving,S1_C9_Problem_Solving,"A ramp is 10 m long and rises 6 m vertically. If θ is the angle between the ramp and the horizontal ground, which trigonometric ratio can be used directly to find θ?",sin(θ) = 6/10,cos(θ) = 6/10,tan(θ) = 10/6,cos(θ) = 10/6,A
CONTENT_9,1,9,Trigonometry,Intermediate,Misconception Detection,S1_C9_Misconception_Detection,A student calculates tan(θ) as adjacent ÷ opposite. What is the correct evaluation?,That ratio is tangent and is always correct.,"Tangent is opposite ÷ adjacent, so the student's ratio is reversed.",Tangent is hypotenuse ÷ opposite.,Tangent cannot be used in a right triangle.,B
CONTENT_9,1,9,Trigonometry,Intermediate,Transfer,S1_C9_Transfer,"A support cable forms a right triangle with a vertical pole and horizontal ground. Relative to the angle at the ground, the vertical pole is the opposite side and the cable is the hypotenuse. Which ratio relates the pole height to the cable length?",Sine,Cosine,Tangent,None of these,A
CONTENT_10,1,10,Probability,Intermediate,Understanding,S1_C10_Understanding,"For equally likely outcomes, which expression gives the probability of an event?",Favorable outcomes ÷ Total possible outcomes,Total possible outcomes ÷ Favorable outcomes,Favorable outcomes + Total possible outcomes,Total possible outcomes - Favorable outcomes,A
CONTENT_10,1,10,Probability,Intermediate,Application,S1_C10_Application,A fair six-sided die is rolled once. What is the probability of rolling a number greater than 4?,1/6,1/3,1/2,2/3,B
CONTENT_10,1,10,Probability,Intermediate,Reasoning,S1_C10_Reasoning,"A bag contains 4 red, 3 blue, and 3 green balls. One ball is selected at random. What is the probability of selecting a ball that is not red?",2/5,3/5,1/2,7/10,B
CONTENT_10,1,10,Probability,Intermediate,Problem Solving,S1_C10_Problem_Solving,A box contains 5 white cards and 3 black cards. Two cards are drawn without replacement. What is the probability that both cards are white?,5/14,5/8,25/64,10/21,A
CONTENT_10,1,10,Probability,Intermediate,Misconception Detection,S1_C10_Misconception_Detection,"A student says that if an event has probability 0.7, its complement must also have probability 0.7. What is the error?",The probability of an event and its complement must add to 1.,The probability of every complement is always 0.,The probability of a complement must be greater than 1.,An event and its complement always have equal probability.,A
CONTENT_10,1,10,Probability,Intermediate,Transfer,S1_C10_Transfer,"A weather model estimates a 30% chance of rain tomorrow. What is the probability that it will not rain, assuming rain and no rain are complementary outcomes?",30%,50%,70%,100%,C
CONTENT_11,1,11,Limits,Advanced,Understanding,S1_C11_Understanding,"If lim(x→2) f(x) = 5, which statement must be true about the values of f(x) when x is sufficiently close to 2, even if f(2) itself is undefined?",f(x) is exactly equal to 5 for every x near 2.,f(x) can be made arbitrarily close to 5 by taking x sufficiently close to 2.,f(2) must equal 5.,f(x) must be defined at x = 2.,B
CONTENT_11,1,11,Limits,Advanced,Application,S1_C11_Application,Evaluate lim(x→0) [sin(3x)]/x.,0,1,3,Does not exist,C
CONTENT_11,1,11,Limits,Advanced,Reasoning,S1_C11_Reasoning,Suppose lim(x→2) f(x) = 5 and lim(x→2) g(x) = -3. What is lim(x→2) [2f(x) - g(x)]?,7,10,13,-13,C
CONTENT_11,1,11,Limits,Advanced,Problem Solving,S1_C11_Problem_Solving,"For f(x) = (x² - 16)/(x - 4), x ≠ 4, what value should be assigned at x = 4 to make f continuous?",4,6,8,16,C
CONTENT_11,1,11,Limits,Advanced,Misconception Detection,S1_C11_Misconception_Detection,"A student says that if f(5) is undefined, then lim(x→5) f(x) must also be undefined. What is the correct evaluation?",The claim is always correct because a limit requires f(5),"The claim is incorrect because a limit depends on nearby values, not necessarily f(5)",The claim is correct because limits only exist at defined points,The claim is incorrect only for polynomial functions,B
CONTENT_11,1,11,Limits,Advanced,Transfer,S1_C11_Transfer,"A temperature model is defined by h(t) = (t² - 9)/(t - 3), t ≠ 3. The model has a removable discontinuity at t = 3. What value should be assigned to h(3) to remove the discontinuity?",0,3,6,9,C
CONTENT_12,1,12,Derivatives,Advanced,Understanding,S1_C12_Understanding,"For a differentiable function f, if f′(a)=0 and f″(a)>0, which conclusion follows from the second derivative test?",The function has a local minimum at x=a.,The function has a local maximum at x=a.,The function has an inflection point at x=a.,The function is decreasing on an interval around x=a.,A
CONTENT_12,1,12,Derivatives,Advanced,Application,S1_C12_Application,"If f(x) = x³ - 4x² + 2x, what is f′(2)?",-2,0,2,6,A
CONTENT_12,1,12,Derivatives,Advanced,Reasoning,S1_C12_Reasoning,"For the function f(x)=−x³+3x², which conclusion follows from the fact that f′(2)=0 and f″(2)<0?",The function has a local maximum at x=2.,The function has a local minimum at x=2.,The function is increasing at x=2.,The function has an inflection point at x=2.,A
CONTENT_12,1,12,Derivatives,Advanced,Problem Solving,S1_C12_Problem_Solving,A particle has position s(t) = t³ - 6t² + 9t. At which times is its velocity zero?,t = 1 and t = 3,t = 0 and t = 3,t = 1 only,t = 3 only,A
CONTENT_12,1,12,Derivatives,Advanced,Misconception Detection,S1_C12_Misconception_Detection,A student claims that the derivative of f(x)=x²sin(x) is f′(x)=2xsin(x). Which reasoning correctly identifies the student's mistake?,The student differentiated only the first factor and ignored the derivative of the second factor.,The student used the quotient rule instead of the product rule.,The student differentiated sin(x) as cos(x) but forgot to differentiate x².,The student should have used the power rule on the entire expression before differentiating.,A
CONTENT_12,1,12,Derivatives,Advanced,Transfer,S1_C12_Transfer,A company's cost is C(x) = x² + 20x + 100. What does C′(30) represent?,The total cost of producing 30 units,The average cost per unit at 30 units,The instantaneous rate at which cost changes when production is 30 units,The fixed cost of the company,C
CONTENT_13,1,13,Integrals,Advanced,Understanding,S1_C13_Understanding,"If F is an antiderivative of f on [a,b], which statement correctly explains the relationship between F and the definite integral of f?",The definite integral of f from a to b equals the net change in F from a to b.,The definite integral of f from a to b always equals F(a)+F(b).,The definite integral of f from a to b depends only on the value of f at the endpoints.,The definite integral of f from a to b is equal to the derivative of F at b.,A
CONTENT_13,1,13,Integrals,Advanced,Application,S1_C13_Application,Evaluate ∫₀² 3x² dx.,4,6,8,12,C
CONTENT_13,1,13,Integrals,Advanced,Reasoning,S1_C13_Reasoning,"If F′(x) = f(x), which expression gives ∫ₐᵇ f(x) dx?",F(a) + F(b),F(b) - F(a),F′(b) - F′(a),F(b) ÷ F(a),B
CONTENT_13,1,13,Integrals,Advanced,Problem Solving,S1_C13_Problem_Solving,A particle has velocity v(t) = 2t + 3. What is its displacement from t = 0 to t = 4?,20,24,28,32,C
CONTENT_13,1,13,Integrals,Advanced,Misconception Detection,S1_C13_Misconception_Detection,A student claims that ∫₀² [f(x)+g(x)] dx = (∫₀² f(x) dx)(∫₀² g(x) dx). Which statement correctly identifies the student's misconception?,"The student treated the integral of a sum as a product of integrals, but integration is linear over addition.",The student forgot that definite integrals can only be used when both functions are positive.,The student should differentiate f(x) and g(x) before integrating their sum.,The student used the constant multiple rule instead of the substitution rule.,A
CONTENT_13,1,13,Integrals,Advanced,Transfer,S1_C13_Transfer,A tank is filled at a rate r(t) = 5t liters per minute. How much water enters the tank from t = 0 to t = 4 minutes?,20 liters,30 liters,40 liters,50 liters,C
CONTENT_14,1,14,Linear Algebra,Advanced,Understanding,S1_C14_Understanding,"For a square matrix A, if Av=λv for a nonzero vector v, what does λ represent?",Eigenvalue,Determinant,Rank,Trace,A
CONTENT_14,1,14,Linear Algebra,Advanced,Application,S1_C14_Application,"Given A=[[1,2],[0,1]] and B=[[2,1],[1,0]], what is the matrix product AB?","[[2,1],[1,2]]","[[4,1],[1,0]]","[[3,1],[1,1]]","[[2,3],[0,1]]",B
CONTENT_14,1,14,Linear Algebra,Advanced,Reasoning,S1_C14_Reasoning,"Let u = (1, 2) and v = (2, 4). What can be concluded about u and v?",They are linearly independent because they are different vectors,They are linearly dependent because v = 2u,They are orthogonal because their components are proportional,They span a three-dimensional space,B
CONTENT_14,1,14,Linear Algebra,Advanced,Problem Solving,S1_C14_Problem_Solving,Solve the system x + y = 5 and 2x - y = 4. What is the solution?,"(2, 3)","(3, 2)","(4, 1)","(1, 4)",B
CONTENT_14,1,14,Linear Algebra,Advanced,Misconception Detection,S1_C14_Misconception_Detection,A student claims that any two nonzero vectors are automatically linearly independent. What is the correct evaluation?,The claim is incorrect because nonzero vectors can be scalar multiples of each other,The claim is correct because zero is the only cause of dependence,The claim is correct only in two-dimensional spaces,The claim is incorrect only when both vectors have negative components,A
CONTENT_14,1,14,Linear Algebra,Advanced,Transfer,S1_C14_Transfer,Why are matrices useful for representing linear transformations?,They allow linear transformations to be represented and composed through matrix operations,They guarantee that every transformation is nonlinear,They eliminate the need for vectors in every problem,They can represent only transformations that preserve length,A
CONTENT_15,1,15,Advanced Probability,Advanced,Understanding,S1_C15_Understanding,Two events A and B have positive probabilities. Which statement best distinguishes independence from mutual exclusivity?,"Independence means P(A∩B)=P(A)P(B), while mutual exclusivity means P(A∩B)=0.",Independent events must have P(A∩B)=0.,Mutually exclusive events always satisfy P(A∩B)=P(A)P(B).,"If two events are independent, one must cause the other.",A
CONTENT_15,1,15,Advanced Probability,Advanced,Application,S1_C15_Application,"A fair die is rolled twice. Given that the sum of the two rolls is at least 10, what is the probability that both rolls are 6?",1/12,1/9,1/6,1/3,C
CONTENT_15,1,15,Advanced Probability,Advanced,Reasoning,S1_C15_Reasoning,"Events A and B satisfy P(A)=0.7, P(B)=0.5, and P(A ∪ B)=0.9. What can be concluded about their independence?",They are independent because P(A ∪ B) is less than 1,They are independent because both probabilities are greater than 0.5,"They are not independent because P(A ∩ B)=0.3, which differs from P(A)P(B)=0.35",Their independence cannot be determined because the intersection probability is unknown,C
CONTENT_15,1,15,Advanced Probability,Advanced,Problem Solving,S1_C15_Problem_Solving,A box contains 5 red and 7 blue balls. Three balls are drawn without replacement. What is the probability that exactly two of the three balls are red?,7/22,5/22,7/20,5/18,A
CONTENT_15,1,15,Advanced Probability,Advanced,Misconception Detection,S1_C15_Misconception_Detection,"A student argues: If P(A)=0.8 and P(B)=0.7, then P(A ∩ B)=0.56 because the probabilities of any two events can always be multiplied. What is the precise error in the student's reasoning?","The multiplication rule applies only when A and B are independent, or when an appropriate conditional probability is used",The multiplication rule can never be used for intersections,An intersection probability must always be greater than both individual probabilities,The multiplication rule requires P(A) and P(B) to be equal,A
CONTENT_15,1,15,Advanced Probability,Advanced,Transfer,S1_C15_Transfer,"A disease affects 2% of a population. A test has 95% sensitivity and 90% specificity. If a person tests positive, what is the approximate probability that the person actually has the disease?",2%,16.2%,90%,95%,B
CONTENT_16,2,16,Measurement and Units,Beginner,Understanding,S2_C16_Understanding,Which SI unit is used to measure mass?,meter,kilogram,second,ampere,B
CONTENT_16,2,16,Measurement and Units,Beginner,Application,S2_C16_Application,A student measures the length of a table as 1.5 m. What is this length in centimeters?,15 cm,150 cm,1500 cm,0.15 cm,B
CONTENT_16,2,16,Measurement and Units,Beginner,Reasoning,S2_C16_Reasoning,Two students measure the same object. Student A records 20.0 cm and Student B records 20.00 cm. Which statement is most appropriate?,They must have measured different objects.,"Student B reports more decimal places, indicating finer measurement resolution.",Student A’s measurement is always more accurate.,Student B’s measurement must be wrong.,B
CONTENT_16,2,16,Measurement and Units,Beginner,Problem Solving,S2_C16_Problem_Solving,A runner’s time is 2.5 minutes. How many seconds is this?,25 s,60 s,150 s,250 s,C
CONTENT_16,2,16,Measurement and Units,Beginner,Misconception Detection,S2_C16_Misconception_Detection,"A student says: “A measurement of 5.0 cm and a measurement of 5.00 cm mean exactly the same level of precision, because both are equal to 5 cm.” Which statement identifies the mistake?",The student ignored the information conveyed by the decimal places.,5.0 cm is always larger than 5.00 cm.,Centimeters cannot be used for length.,Measurements should never contain decimals.,A
CONTENT_16,2,16,Measurement and Units,Beginner,Transfer,S2_C16_Transfer,A recipe requires 0.75 L of water. A measuring cup is marked in milliliters. What amount should the student measure?,7.5 mL,75 mL,750 mL,7500 mL,C
CONTENT_17,2,17,Motion,Beginner,Understanding,S2_C17_Understanding,Which quantity describes how fast an object changes its position?,Mass,Speed,Temperature,Volume,B
CONTENT_17,2,17,Motion,Beginner,Application,S2_C17_Application,A car travels 120 meters in 10 seconds. What is its average speed?,10 m/s,12 m/s,120 m/s,130 m/s,B
CONTENT_17,2,17,Motion,Beginner,Reasoning,S2_C17_Reasoning,Two cars travel for the same amount of time. Car A travels 100 m and Car B travels 200 m. Which car has the greater average speed?,Car A,Car B,They have the same speed,Cannot be compared,B
CONTENT_17,2,17,Motion,Beginner,Problem Solving,S2_C17_Problem_Solving,A cyclist moves at a constant speed of 5 m/s for 8 seconds. How far does the cyclist travel?,13 m,20 m,40 m,45 m,C
CONTENT_17,2,17,Motion,Beginner,Misconception Detection,S2_C17_Misconception_Detection,"A student says: ""If an object is moving, its speed must always increase."" Which statement identifies the mistake?",An object can move at a constant speed.,Moving objects cannot have a speed.,Speed always decreases when an object moves.,An object can move only if its speed is zero.,A
CONTENT_17,2,17,Motion,Beginner,Transfer,S2_C17_Transfer,A student walks at an average speed of 2 m/s for 30 seconds. How far does the student walk?,15 m,32 m,60 m,90 m,C
CONTENT_18,2,18,Forces,Beginner,Understanding,S2_C18_Understanding,What is a force?,A push or pull that can change an object's motion.,The amount of matter in an object.,The amount of space an object occupies.,The time needed to move an object.,A
CONTENT_18,2,18,Forces,Beginner,Application,S2_C18_Application,A 5 kg object is pushed with a net force of 20 N. What is its acceleration?,2 m/s²,4 m/s²,15 m/s²,25 m/s²,B
CONTENT_18,2,18,Forces,Beginner,Reasoning,S2_C18_Reasoning,Two equal forces act on an object in opposite directions. What is the net force on the object?,Equal to one of the forces,Twice one of the forces,Zero,Greater than both forces,C
CONTENT_18,2,18,Forces,Beginner,Problem Solving,S2_C18_Problem_Solving,A 6 kg box is pulled to the right with a force of 18 N. A friction force of 6 N acts to the left. What is the box's acceleration?,1 m/s²,2 m/s²,3 m/s²,4 m/s²,B
CONTENT_18,2,18,Forces,Beginner,Misconception Detection,S2_C18_Misconception_Detection,"A student says: ""If an object is moving, there must always be a net force acting on it."" Which statement identifies the mistake?",An object can move at constant velocity when the net force is zero.,Moving objects cannot have forces acting on them.,A net force is required for every type of motion.,Objects stop moving whenever the net force is zero.,A
CONTENT_18,2,18,Forces,Beginner,Transfer,S2_C18_Transfer,A shopping cart is pushed with a net force of 10 N and has a mass of 2 kg. What happens to its acceleration if the same net force is applied to a cart with twice the mass?,The acceleration doubles.,The acceleration stays the same.,The acceleration becomes half as large.,The acceleration becomes four times larger.,C
CONTENT_19,2,19,Energy,Beginner,Understanding,S2_C19_Understanding,Which statement best describes energy?,The ability to cause change or do work.,The amount of matter in an object.,The force acting on an object.,The distance traveled by an object.,A
CONTENT_19,2,19,Energy,Beginner,Application,S2_C19_Application,A 2 kg object is moving at 3 m/s. Which type of energy does the object have because of its motion?,Thermal energy,Chemical energy,Kinetic energy,Nuclear energy,C
CONTENT_19,2,19,Energy,Beginner,Reasoning,S2_C19_Reasoning,"A ball is held at a height above the ground and then released. As it falls, what happens to its gravitational potential energy?",It increases.,It decreases.,It remains exactly the same.,It becomes zero immediately.,B
CONTENT_19,2,19,Energy,Beginner,Problem Solving,S2_C19_Problem_Solving,"A 2 kg object is moving at 4 m/s. Using KE = ½mv², what is its kinetic energy?",4 J,8 J,16 J,32 J,C
CONTENT_19,2,19,Energy,Beginner,Misconception Detection,S2_C19_Misconception_Detection,"A student says: ""When a ball falls, its gravitational potential energy disappears completely."" Which statement identifies the mistake?",Energy can be transformed into other forms rather than simply disappearing.,Gravitational potential energy always increases during a fall.,Falling objects cannot have kinetic energy.,Energy exists only when an object is at rest.,A
CONTENT_19,2,19,Energy,Beginner,Transfer,S2_C19_Transfer,A student uses a battery-powered flashlight. Which energy transformation mainly occurs when the flashlight is turned on?,Chemical energy → electrical energy → light energy,Kinetic energy → nuclear energy → light energy,Thermal energy → chemical energy → sound energy,Gravitational energy → electrical energy → nuclear energy,A
CONTENT_20,2,20,Electricity Basics,Beginner,Understanding,S2_C20_Understanding,What is electric current?,The flow of electric charge through a conductor.,The force that pulls objects toward Earth.,The amount of matter in an object.,The energy stored in a battery.,A
CONTENT_20,2,20,Electricity Basics,Beginner,Application,S2_C20_Application,A circuit has a current of 2 A flowing through it for 5 seconds. How much electric charge passes through the circuit?,0.4 C,2 C,7 C,10 C,D
CONTENT_20,2,20,Electricity Basics,Beginner,Reasoning,S2_C20_Reasoning,A student connects a second identical battery in series with the first battery. What generally happens to the total voltage of the two batteries?,It becomes zero.,It generally increases.,It always stays the same.,It becomes half as large.,B
CONTENT_20,2,20,Electricity Basics,Beginner,Problem Solving,S2_C20_Problem_Solving,A resistor has a resistance of 6 Ω and a voltage of 12 V across it. What current flows through the resistor?,0.5 A,2 A,6 A,72 A,B
CONTENT_20,2,20,Electricity Basics,Beginner,Misconception Detection,S2_C20_Misconception_Detection,"A student says: ""A battery creates electric charge every time a circuit is turned on."" Which statement identifies the mistake?",A battery provides energy that drives existing charge through the circuit.,A battery can only work when it is disconnected.,Electric charge disappears when a circuit is closed.,A circuit can contain current without any electric charge.,A
CONTENT_20,2,20,Electricity Basics,Beginner,Transfer,S2_C20_Transfer,"A small LED is connected to a battery and lights up. Which change would most directly reduce the current in the circuit, assuming the battery voltage stays the same?",Increase the circuit's resistance.,Decrease the circuit's resistance.,Remove all resistance from the circuit.,Increase the amount of electric charge already in the wires.,A
CONTENT_21,2,21,Momentum,Intermediate,Understanding,S2_C21_Understanding,Which statement correctly describes the linear momentum of an object?,Momentum equals the product of the object mass and its velocity.,Momentum equals the product of mass and acceleration.,Momentum equals kinetic energy divided by time.,Momentum depends only on mass and is not affected by velocity.,A
CONTENT_21,2,21,Momentum,Intermediate,Application,S2_C21_Application,A car of mass 1000 kg moves east at 20 m/s. What is its momentum?,20 kg.m/s east,50 kg.m/s east,"20,000 kg.m/s east","200,000 kg.m/s east",C
CONTENT_21,2,21,Momentum,Intermediate,Reasoning,S2_C21_Reasoning,"Two cars move at the same speed in the same direction, but car A has twice the mass of car B. What can be concluded about their momenta?",Momentum of A is half that of B.,Momentum of A equals that of B.,Momentum of A is twice that of B.,The momenta cannot be compared.,C
CONTENT_21,2,21,Momentum,Intermediate,Problem Solving,S2_C21_Problem_Solving,"A 4 kg cart moves east at 6 m/s and collides with a 2 kg cart moving west at 3 m/s. Taking east as positive, what is the total momentum of the system before collision?",30 kg.m/s east,18 kg.m/s east,18 kg.m/s west,30 kg.m/s west,B
CONTENT_21,2,21,Momentum,Intermediate,Misconception Detection,S2_C21_Misconception_Detection,"A student said the following: If the speed of an object doubles, its momentum does not change because its mass has not changed. What is wrong with this reasoning?","Momentum depends on both mass and velocity, so it changes when velocity changes.","Momentum depends only on mass, so the student is correct.","Momentum depends only on acceleration, not velocity.",Momentum can only change if the direction of the object changes.,A
CONTENT_21,2,21,Momentum,Intermediate,Transfer,S2_C21_Transfer,"In a hockey game, a puck moves at a certain speed. If another puck of the same mass moves in the opposite direction at the same speed, how does its momentum compare to the first puck momentum?",It has the same magnitude of momentum but in the opposite direction.,It has twice the momentum in the same direction.,It has half the momentum in the opposite direction.,The new puck momentum is zero.,A
CONTENT_22,2,22,Work and Power,Intermediate,Understanding,S2_C22_Understanding,In which case is the mechanical work done by a force on an object equal to zero?,When the force and displacement are in the same direction.,When the force is perpendicular to the displacement.,When the force and displacement are in opposite directions.,When the force is greater than the displacement.,B
CONTENT_22,2,22,Work and Power,Intermediate,Application,S2_C22_Application,A person pushes a box with a constant force of 50 N for 4 m in the direction of the force. What is the work done by the force?,12.5 J,46 J,200 J,400 J,C
CONTENT_22,2,22,Work and Power,Intermediate,Reasoning,S2_C22_Reasoning,"Two people lift boxes of the same mass to the same height, but person A lifts in 4 s and person B in 8 s. Which conclusion is correct?",A does more work than B.,B does more work than A.,"They do the same work, but power of A is greater.",They have the same power because the mass is the same.,C
CONTENT_22,2,22,Work and Power,Intermediate,Problem Solving,S2_C22_Problem_Solving,"A motor lifts a 20 kg load vertically 5 m in 10 s. Assuming g = 10 m/s^2 and neglecting energy losses, what is the motor power?",10 W,50 W,100 W,200 W,C
CONTENT_22,2,22,Work and Power,Intermediate,Misconception Detection,S2_C22_Misconception_Detection,"A student said the following: If a force is applied to an object but it does not move, the force must have done work because the force exists. What is wrong with this?",Work depends only on the existence of force.,"Work requires displacement, so no mechanical work is done by the force if there is no displacement.",Work is not related to force or displacement.,Work always occurs when an object is stationary.,B
CONTENT_22,2,22,Work and Power,Intermediate,Transfer,S2_C22_Transfer,"Two elevators lift the same load to the same floor, but elevator A reaches the floor in half the time elevator B takes. Neglecting losses, how does power of A compare to power of B?",Power of A is half of power of B.,Power of A equals power of B.,Power of A is twice power of B.,Power of A is four times power of B.,C
CONTENT_23,2,23,Circular Motion,Intermediate,Understanding,S2_C23_Understanding,An object moves in a circular path with constant speed. Which statement is correct?,It has no acceleration because the speed is constant.,It has acceleration because the direction of the velocity vector changes continuously.,It has acceleration only when its speed increases.,No force acts on it during circular motion.,B
CONTENT_23,2,23,Circular Motion,Intermediate,Application,S2_C23_Application,A car moves in a circular path of radius 20 m at a speed of 10 m/s. What is its centripetal acceleration?,0.5 m/s^2,2 m/s^2,5 m/s^2,200 m/s^2,C
CONTENT_23,2,23,Circular Motion,Intermediate,Reasoning,S2_C23_Reasoning,"Two cars move at the same speed in circular paths, but path radius of car A is twice that of car B. How does the centripetal acceleration compare?",Acceleration of A is twice that of B.,Acceleration of A is half of that of B.,Acceleration of A equals that of B.,The accelerations cannot be compared.,B
CONTENT_23,2,23,Circular Motion,Intermediate,Problem Solving,S2_C23_Problem_Solving,A 2 kg object moves at 6 m/s in a circular path of radius 3 m. What is the centripetal force acting on it?,4 N,12 N,24 N,36 N,C
CONTENT_23,2,23,Circular Motion,Intermediate,Misconception Detection,S2_C23_Misconception_Detection,A student said the following: An object moving at constant speed in a circle needs no force because its speed does not change. What is wrong with this reasoning?,Force has nothing to do with circular motion.,"The velocity vector continuously changes direction, so acceleration and a centripetal force are required.",Centripetal force always makes the speed increase.,A circularly moving object has no velocity vector.,B
CONTENT_23,2,23,Circular Motion,Intermediate,Transfer,S2_C23_Transfer,"A stone tied to a string rotates in a horizontal circle. If the stone speed increases while the radius remains constant, what happens to the centripetal acceleration?",It is halved.,It remains constant.,It increases because centripetal acceleration is proportional to the square of the speed.,It becomes zero.,C
CONTENT_24,2,24,Waves,Intermediate,Understanding,S2_C24_Understanding,"Which statement correctly explains the relationship between wave speed, frequency, and wavelength?",Wave speed equals frequency multiplied by wavelength.,Wave speed equals frequency divided by wavelength.,Wave speed equals wavelength divided by frequency.,Wave speed does not depend on frequency or wavelength.,A
CONTENT_24,2,24,Waves,Intermediate,Application,S2_C24_Application,A wave has a frequency of 5 Hz and a wavelength of 2 m. What is its speed?,0.4 m/s,2.5 m/s,7 m/s,10 m/s,D
CONTENT_24,2,24,Waves,Intermediate,Reasoning,S2_C24_Reasoning,"A wave travels in a medium at constant speed. If its frequency doubles, what happens to its wavelength?",It doubles.,It is halved.,It does not change.,It becomes four times as large.,B
CONTENT_24,2,24,Waves,Intermediate,Problem Solving,S2_C24_Problem_Solving,A sound wave has a speed of 340 m/s and a frequency of 680 Hz. Calculate its wavelength.,0.25 m,0.5 m,2 m,20 m,B
CONTENT_24,2,24,Waves,Intermediate,Misconception Detection,S2_C24_Misconception_Detection,"A student said the following: When the amplitude of a wave increases, its frequency automatically increases. What is wrong with this reasoning?",Amplitude and frequency are different quantities; changing amplitude does not necessarily change frequency.,Amplitude and frequency are always equal.,Frequency depends only on wave speed.,Increasing amplitude makes the wavelength zero.,A
CONTENT_24,2,24,Waves,Intermediate,Transfer,S2_C24_Transfer,"In an experiment on a wave in a rope, the rope is tightened so that the wave speed increases, while the frequency produced by the source remains constant. What happens to the wavelength?",It increases.,It decreases.,It does not change.,It becomes zero.,A
CONTENT_25,2,25,Electric Circuits,Intermediate,Understanding,S2_C25_Understanding,"In a simple electric circuit, which correctly describes electric current?",The rate of flow of electric charge through a point in the circuit.,The amount of energy stored in the battery only.,The resistance of the wire to electron movement.,The force that attracts charges to the ground.,A
CONTENT_25,2,25,Electric Circuits,Intermediate,Application,S2_C25_Application,A 4 Ohm resistor is connected to a 12 V battery. What is the current in the circuit?,0.33 A,3 A,8 A,48 A,B
CONTENT_25,2,25,Electric Circuits,Intermediate,Reasoning,S2_C25_Reasoning,"In a series circuit containing two resistors, what happens to the current as it passes through the first and then the second resistor?",The current is the same through both resistors.,The current doubles after the first resistor.,The current becomes zero after the first resistor.,The current is always different in each resistor.,A
CONTENT_25,2,25,Electric Circuits,Intermediate,Problem Solving,S2_C25_Problem_Solving,"A circuit has two resistors in series: R1 = 4 Ohm and R2 = 8 Ohm, with a 24 V source. What is the total current?",1 A,2 A,3 A,6 A,B
CONTENT_25,2,25,Electric Circuits,Intermediate,Misconception Detection,S2_C25_Misconception_Detection,A student said the following: Adding another resistor in series makes the total current larger because there is an extra component pushing the charges. What is wrong?,"The extra resistance increases the total resistance, so the current decreases when the source voltage is constant.",The extra resistance does not affect the current at all.,The extra resistance always makes the voltage zero.,The extra resistance automatically converts the circuit to a parallel circuit.,A
CONTENT_25,2,25,Electric Circuits,Intermediate,Transfer,S2_C25_Transfer,"Two identical lamps are connected in series to a battery. If one lamp burns out and the circuit opens, what happens to the other lamp?",It continues to glow with the same brightness.,It becomes brighter.,It goes out because the circuit is open.,The current through it doubles.,C
CONTENT_26,2,26,Thermodynamics,Advanced,Understanding,S2_C26_Understanding,"Which statement correctly describes the first law of thermodynamics, assuming Q is heat added to the system and W is work done by the system?",The change in internal energy equals heat added minus work done by the system.,The change in internal energy equals heat added plus work done by the system always.,The change in internal energy equals work only and does not depend on heat transfer.,Internal energy equals heat added to the system in all processes.,A
CONTENT_26,2,26,Thermodynamics,Advanced,Application,S2_C26_Application,A gas absorbs 500 J of heat and expands doing 200 J of work on the surroundings. What is the change in its internal energy?,300 J,500 J,700 J,-300 J,A
CONTENT_26,2,26,Thermodynamics,Advanced,Reasoning,S2_C26_Reasoning,"A gas in a closed container undergoes an adiabatic process, meaning no heat transfer occurs between the gas and surroundings. If the gas does work on the surroundings, what happens to the internal energy of the gas?",It increases because the gas did work.,It decreases because the energy to do work comes from internal energy.,It remains constant because the process is adiabatic.,It always becomes zero.,B
CONTENT_26,2,26,Thermodynamics,Advanced,Problem Solving,S2_C26_Problem_Solving,"A system absorbs 800 J of heat. During the process, its internal energy increases by 300 J. Taking Q positive when heat enters the system and W positive when the system does work, what is the work done by the system?",300 J,500 J,800 J,1100 J,B
CONTENT_26,2,26,Thermodynamics,Advanced,Misconception Detection,S2_C26_Misconception_Detection,"A student said the following: Since internal energy is a state function, the heat and work transferred by the system are equal in every process leading to the same final state. What is wrong with this reasoning?","Heat and work are also state functions, so they are always equal.","Internal energy is a state function, but heat and work depend on the path, so their values may differ from one path to another.",Internal energy does not depend on the final state.,Heat and work cannot change internal energy.,B
CONTENT_26,2,26,Thermodynamics,Advanced,Transfer,S2_C26_Transfer,"In a heat engine, the system absorbs 1200 J of heat from a hot source and rejects 700 J to a cold source during a complete cycle. What is the net work produced by the engine per cycle?",500 J,700 J,1200 J,1900 J,A
CONTENT_27,2,27,Electromagnetism,Advanced,Understanding,S2_C27_Understanding,Which statement correctly explains the relationship between magnetic field and electric current?,An electric current can generate a magnetic field around a conductor carrying the current.,A magnetic field cannot be associated with moving charges.,A magnetic field exists only around stationary charges.,Electric current and magnetic field are completely independent phenomena.,A
CONTENT_27,2,27,Electromagnetism,Advanced,Application,S2_C27_Application,"A straight wire carries a current of 4 A and is perpendicular to a magnetic field of 0.5 T. If the length of the wire inside the field is 0.4 m, what is the magnitude of the magnetic force on it?",0.4 N,0.8 N,1.0 N,2.0 N,B
CONTENT_27,2,27,Electromagnetism,Advanced,Reasoning,S2_C27_Reasoning,"A conducting coil is placed in a magnetic field. If the magnetic flux through the coil changes with time, what can be concluded?",An induced voltage can be generated in the coil.,No voltage can be generated because the field is magnetic only.,The coil resistance must become zero.,The magnetic field must immediately stop.,A
CONTENT_27,2,27,Electromagnetism,Advanced,Problem Solving,S2_C27_Problem_Solving,"A coil has 200 turns, and the magnetic flux through each turn changes from 0.04 Wb to 0.01 Wb in 0.2 s. What is the average induced electromotive force?",15 V,20 V,30 V,60 V,C
CONTENT_27,2,27,Electromagnetism,Advanced,Misconception Detection,S2_C27_Misconception_Detection,"A student said the following: An induced current can be generated by simply placing a stationary coil in a stationary magnetic field, even if the magnetic flux through the coil does not change. What is wrong with this reasoning?","Electromagnetic induction is related to the change of magnetic flux with time, not merely the presence of a constant magnetic field.",Any constant magnetic field always generates an induced current.,Induced current has nothing to do with magnetic field.,Induced current can only be produced by a battery.,A
CONTENT_27,2,27,Electromagnetism,Advanced,Transfer,S2_C27_Transfer,"An electric bicycle uses a motor that converts electrical energy into motion, while a generator uses motion to produce electrical energy. What common electromagnetic idea helps understand both devices?",The mutual relationship between electricity and magnetism allows energy conversion between electrical and mechanical forms.,Motors and generators rely only on mechanical friction.,"A generator converts electrical energy into motion only, and a motor converts motion into electricity.",Motors and generators work without any interaction between current and magnetic field.,A
CONTENT_28,2,28,Optics,Advanced,Understanding,S2_C28_Understanding,"When light travels from one transparent medium to another, what determines the amount it bends at the interface?",The difference in refractive index between the two media and the angle of incidence.,"Only the intensity of light, regardless of the medium properties.",Only the mass of the photons.,The color of the object reflecting the light.,A
CONTENT_28,2,28,Optics,Advanced,Application,S2_C28_Application,"A light ray travels from air into glass with refractive index 1.5, and the angle of incidence is 30 degrees. Using Snell law, what is the approximate angle of refraction?",19.5 degrees,30.0 degrees,45.0 degrees,60.0 degrees,A
CONTENT_28,2,28,Optics,Advanced,Reasoning,S2_C28_Reasoning,An object is placed in front of a convex lens at a distance greater than twice its focal length. Which description of the formed image is correct?,"Real, inverted, and diminished.","Real, upright, and magnified.","Virtual, upright, and diminished.","Virtual, inverted, and magnified.",A
CONTENT_28,2,28,Optics,Advanced,Problem Solving,S2_C28_Problem_Solving,"A convex lens has a focal length of 10 cm, and an object is placed 30 cm from it. Using the thin lens equation, what is the image distance?",10 cm,15 cm,20 cm,30 cm,B
CONTENT_28,2,28,Optics,Advanced,Misconception Detection,S2_C28_Misconception_Detection,"A student said the following: When light enters glass from air, its speed increases because glass is optically denser. What is wrong with this reasoning?","The speed of light in glass is less than in air, even though glass has a higher refractive index.",The speed of light always increases when entering a medium with a higher refractive index.,The speed of light does not change when moving between transparent media.,The refractive index determines only the intensity of light and is unrelated to its speed.,A
CONTENT_28,2,28,Optics,Advanced,Transfer,S2_C28_Transfer,Optical fibers are used in communications to transmit data over long distances. What basic optical principle keeps light confined inside the fiber?,Total internal reflection at the boundary between the fiber core and cladding.,Complete absorption of light inside the cladding.,Gradual increase in light speed inside the fiber.,Reflection of light from the air surrounding the fiber only.,A
CONTENT_29,2,29,Modern Physics,Advanced,Understanding,S2_C29_Understanding,Which statement correctly explains why classical physics alone cannot explain the photoelectric effect?,"Because light can behave as packets of photons, and photon energy depends on its frequency.",Because electrons do not carry electric charge.,Because light intensity does not affect any optical phenomenon.,Because photons have a large rest mass.,A
CONTENT_29,2,29,Modern Physics,Advanced,Application,S2_C29_Application,"Light of frequency 8e14 Hz falls on a metal with work function 2.0 eV. If Planck constant h = 4.14e-15 eV.s, what is the maximum kinetic energy of the emitted electrons?",0.31 eV,1.31 eV,2.31 eV,3.31 eV,B
CONTENT_29,2,29,Modern Physics,Advanced,Reasoning,S2_C29_Reasoning,"In the double-slit experiment with electrons, if the speed of the electrons increases while other experimental conditions remain constant, what is expected for their wavelength according to de Broglie hypothesis?",The wavelength increases because the electron has become more energetic.,The wavelength decreases because wavelength is inversely proportional to momentum.,The wavelength does not change because the electron is only a particle.,The wavelength becomes zero at any non-zero speed.,B
CONTENT_29,2,29,Modern Physics,Advanced,Problem Solving,S2_C29_Problem_Solving,"An electron moves at a speed of 2.0e6 m/s. If Planck constant h = 6.63e-34 J.s and electron mass m = 9.11e-31 kg, what is the approximate de Broglie wavelength of the electron?",3.64e-10 m,3.64e-8 m,3.64e-12 m,1.82e-10 m,A
CONTENT_29,2,29,Modern Physics,Advanced,Misconception Detection,S2_C29_Misconception_Detection,"A student said the following: If light is intense enough, any metal will emit electrons even if the light frequency is below the threshold frequency. What is the main error in this reasoning?",Light intensity does not compensate for frequency being below the threshold; the photon energy must be sufficient to overcome the work function.,Increasing light intensity reduces each photon energy to zero.,Electrons cannot be emitted from metals under any circumstances.,The threshold frequency determines only the number of photons and is not related to photon energy.,A
CONTENT_29,2,29,Modern Physics,Advanced,Transfer,S2_C29_Transfer,An electron microscope is used to study details smaller than those visible with an optical microscope. Which principle from modern physics helps explain this capability?,"Electrons can have a de Broglie wavelength, and a smaller wavelength allows higher resolution.",Electrons travel faster than light.,Electrons have no wave properties.,Optical microscopes use electrons instead of light.,A
CONTENT_30,2,30,Quantum Physics Basics,Advanced,Understanding,S2_C30_Understanding,"In quantum mechanics, what does it mean that a particle state is described by a wave function?",The wave function contains the information needed to describe the quantum state and the probabilities of measurement outcomes.,The wave function always represents a definite classical trajectory of the particle.,The wave function means the particle has no energy.,The wave function determines the exact position of the particle at every moment.,A
CONTENT_30,2,30,Quantum Physics Basics,Advanced,Application,S2_C30_Application,"An electron is in a probabilistic quantum state, and the probability of measuring it in a certain region is 0.36. If measurements are performed on 1000 independent identical copies of the state, what is the expected number of outcomes in which the electron is found in that region?",36,180,360,640,C
CONTENT_30,2,30,Quantum Physics Basics,Advanced,Reasoning,S2_C30_Reasoning,"According to Heisenberg uncertainty principle, if the state of a particle becomes more precisely defined in position, what happens to the uncertainty in its momentum, while the uncertainty principle remains valid?",The uncertainty in momentum can increase.,The uncertainty in momentum must also become zero.,Both position and momentum become precisely determined.,There is no relation between position precision and momentum uncertainty.,A
CONTENT_30,2,30,Quantum Physics Basics,Advanced,Problem Solving,S2_C30_Problem_Solving,"For a particle whose rest mass is negligible in this approximation, if its de Broglie wavelength is 2.0e-10 m and Planck constant h = 6.63e-34 J.s, what is its momentum?",3.32e-24 kg.m/s,1.33e-43 kg.m/s,3.32e-44 kg.m/s,1.33e-23 kg.m/s,A
CONTENT_30,2,30,Quantum Physics Basics,Advanced,Misconception Detection,S2_C30_Misconception_Detection,"A student said the following: If an electron is described by a wave function, this means the electron itself spreads as an extended material object in all regions where the wave function is nonzero. What is the most accurate correction?","The wave function is a tool to describe the quantum state, and the square of its magnitude is related to the probability of position measurement outcomes.",The wave function proves that the electron is an extended classical body at all points.,The wave function does not contain any probabilistic information.,Probabilities in quantum mechanics are unrelated to the measurement process.,A
CONTENT_30,2,30,Quantum Physics Basics,Advanced,Transfer,S2_C30_Transfer,Some quantum sensors use phenomena such as superposition and interference to improve precise measurements. What idea transfers from the fundamentals of quantum physics to this application?,Quantum states and their interference can be controlled so that small differences affect the measured result.,Quantum systems always follow the same classical laws without any interference effects.,Superposition means the system has a single predetermined value for every measurable quantity.,Quantum measurements are not affected by the state of the system before measurement.,A
CONTENT_31,3,31,Computational Thinking,Beginner,Understanding,CS31_U,What is the main purpose of decomposition in computational thinking?,To divide a complex problem into smaller manageable parts,To remove all difficult parts of a problem,To make a problem more complicated,To avoid solving the problem,A
CONTENT_31,3,31,Computational Thinking,Beginner,Application,CS31_A,A student is planning a school event with many tasks. Which approach best demonstrates decomposition?,"Break the event into smaller tasks such as budgeting, scheduling, invitations, and setup",Complete the entire event plan at once without separating the tasks,Choose the most difficult task and ignore the others until it is finished,Replace the event plan with a single general statement about what should happen,A
CONTENT_31,3,31,Computational Thinking,Beginner,Reasoning,CS31_R,Why is pattern recognition useful when solving problems?,It can help identify similarities with problems solved before,It guarantees that every problem has the same solution,It removes the need to understand the problem,It makes problems impossible to solve,A
CONTENT_31,3,31,Computational Thinking,Beginner,Problem Solving,CS31_P,You need to calculate the total cost of several items. Which approach best uses decomposition?,Calculate each item's cost and then combine the results,Ignore the individual item costs,Choose a random total,Only calculate the most expensive item,A
CONTENT_31,3,31,Computational Thinking,Beginner,Misconception Detection,CS31_M,Which statement shows a common misunderstanding about decomposition?,Decomposition means removing difficult parts of a problem so they do not need to be solved,Decomposition can make a complex problem easier to manage by dividing it into smaller parts,The smaller parts created by decomposition can be solved separately and then combined,Decomposition can help identify the different tasks that make up a larger problem,A
CONTENT_31,3,31,Computational Thinking,Beginner,Transfer,CS31_T,Which situation is an example of applying decomposition outside programming?,Breaking a complex project into smaller tasks,Making a task harder on purpose,Avoiding all planning,Doing every task simultaneously without organization,A
CONTENT_32,3,32,Algorithms,Beginner,Understanding,CS32_U,What is an algorithm?,A finite sequence of clear steps for solving a problem,A type of computer hardware,A programming language,A computer screen,A
CONTENT_32,3,32,Algorithms,Beginner,Application,CS32_A,Which sequence correctly describes an algorithm for comparing two numbers?,"Read the two numbers, compare them, then output the larger number",Output a random number,Ignore both numbers,Always output the first number,A
CONTENT_32,3,32,Algorithms,Beginner,Reasoning,CS32_R,Why should algorithm steps be clear and unambiguous?,So that the procedure can be followed consistently,So that the algorithm becomes longer,So that no one can understand it,So that it can only be used once,A
CONTENT_32,3,32,Algorithms,Beginner,Problem Solving,CS32_P,Which method can be used to determine whether an integer is even or odd?,Check the remainder after dividing the number by 2,Multiply the number by 2,Add 2 to the number,Convert every number to zero,A
CONTENT_32,3,32,Algorithms,Beginner,Misconception Detection,CS32_M,Which statement is incorrect about algorithms?,An algorithm must always be written in Python,An algorithm can be described using ordinary language,An algorithm consists of steps for solving a problem,An algorithm should have clear instructions,A
CONTENT_32,3,32,Algorithms,Beginner,Transfer,CS32_T,A student needs to give a friend precise instructions for preparing a simple meal. Which feature would make the instructions most like an algorithm?,The instructions contain clear steps that can be followed in a defined order,The instructions describe only the final result without explaining how to reach it,The instructions change their meaning depending on who reads them,The instructions include several possible actions without specifying when to choose each one,A
CONTENT_33,3,33,Programming Fundamentals,Beginner,Understanding,CS33_U,What is a variable in programming?,A named place used to store a value,A physical computer component,A type of monitor,A network cable,A
CONTENT_33,3,33,Programming Fundamentals,Beginner,Application,CS33_A,You need to store three test scores and calculate their total. What programming concept can store the scores?,Variables,A monitor,A keyboard,A network router,A
CONTENT_33,3,33,Programming Fundamentals,Beginner,Reasoning,CS33_R,Why are conditional statements useful in programs?,They allow different actions depending on whether a condition is true or false,They always repeat the same action,They permanently store files,They replace all variables,A
CONTENT_33,3,33,Programming Fundamentals,Beginner,Problem Solving,CS33_P,A program should print 'Pass' when a student's score is 50 or higher and 'Fail' otherwise. Which concept is needed?,A conditional statement,A computer monitor,A storage device,A network cable,A
CONTENT_33,3,33,Programming Fundamentals,Beginner,Misconception Detection,CS33_M,Which statement about variables is a misconception?,A variable must always represent exactly the same kind of value throughout every program,A variable can be used to store a value that a program needs to work with,Variables allow programs to refer to stored data using meaningful names,The role and behavior of a variable can depend on the programming language being used,A
CONTENT_33,3,33,Programming Fundamentals,Beginner,Transfer,CS33_T,Which programming concept is most useful when the same action must be repeated for every item in a list?,A loop,A monitor,A printer,A network cable,A
CONTENT_34,3,34,Data Representation,Beginner,Understanding,CS34_U,Why do digital computers commonly use binary representation?,Digital hardware can reliably represent two distinct states,Computers can only understand decimal numbers,Binary requires no hardware,Binary is always shorter than decimal,A
CONTENT_34,3,34,Data Representation,Beginner,Application,CS34_A,What is the binary representation of decimal 5?,101,100,110,111,A
CONTENT_34,3,34,Data Representation,Beginner,Reasoning,CS34_R,Why can the same binary pattern represent different types of information?,Its meaning depends on how the data is interpreted,Binary patterns always mean numbers,Binary can only represent text,Binary cannot represent images,A
CONTENT_34,3,34,Data Representation,Beginner,Problem Solving,CS34_P,What is the binary representation of decimal 10?,1010,1001,1100,1110,A
CONTENT_34,3,34,Data Representation,Beginner,Misconception Detection,CS34_M,Which statement about a bit is correct?,"A bit can represent one of two binary states, commonly 0 or 1",A bit always stores a complete image,A bit must contain a decimal number from 0 to 9,A bit is larger than a byte,A
CONTENT_34,3,34,Data Representation,Beginner,Transfer,CS34_T,How can a digital photograph be represented inside a computer?,Only as handwritten text,As numerical data representing pixel information,Only as physical paper,Without any digital data,B
CONTENT_35,3,35,Computer Systems Basics,Beginner,Understanding,CS35_U,What is the main role of the CPU?,To permanently store all files,To execute instructions and process data,To display images without processing,To provide internet access by itself,B
CONTENT_35,3,35,Computer Systems Basics,Beginner,Application,CS35_A,Which component provides temporary working storage for programs that are currently running?,SSD,RAM,Keyboard,Monitor,B
CONTENT_35,3,35,Computer Systems Basics,Beginner,Reasoning,CS35_R,Why is RAM different from an SSD in a typical computer system?,RAM permanently stores files while an SSD does not,"RAM is temporary working memory, while an SSD provides persistent storage",Both are exactly the same type of memory,An SSD is used only to display images,B
CONTENT_35,3,35,Computer Systems Basics,Beginner,Problem Solving,CS35_P,A computer becomes noticeably slower when many applications are open at the same time. Which explanation is most reasonable?,The keyboard automatically reduces the processor's instruction speed when more applications are opened,"The available RAM may become heavily used, causing the operating system to manage memory more actively",The SSD stops permanently storing files whenever RAM usage increases,The monitor changes the computer's internal processing capacity according to the number of open applications,B
CONTENT_35,3,35,Computer Systems Basics,Beginner,Misconception Detection,CS35_M,Which statement is incorrect?,The CPU executes instructions,The CPU is a permanent storage device for files,RAM provides temporary working memory,Storage devices can keep data after power is turned off,B
CONTENT_35,3,35,Computer Systems Basics,Beginner,Transfer,CS35_T,Why do smartphone applications depend on both hardware and software?,Hardware can run every application without software,Software instructions run using the smartphone's hardware resources,Software never interacts with hardware,Applications do not require processing,B
CONTENT_36,3,36,Data Structures,Intermediate,Understanding,CS36_U,What is the main purpose of a data structure?,To replace the operating system,To organize and store data so it can be accessed and processed effectively,To increase the physical size of memory,To prevent programs from using data,B
CONTENT_36,3,36,Data Structures,Intermediate,Application,CS36_A,A program repeatedly needs to add items at one end of a collection and remove the most recently added item. Which data structure is the most appropriate?,"Queue, because it processes the oldest item first","Stack, because it follows a last-in, first-out pattern","Graph, because it represents relationships between items","Hash table, because it maps keys to values",B
CONTENT_36,3,36,Data Structures,Intermediate,Reasoning,CS36_R,Why can choosing an appropriate data structure improve a program?,Every data structure performs every operation equally well,Different structures support different operations efficiently,Data structures eliminate the need for algorithms,The choice of structure never affects performance,B
CONTENT_36,3,36,Data Structures,Intermediate,Problem Solving,CS36_P,"A program frequently needs to access the first item, remove it, and then process the next item in arrival order. Which data structure best matches this requirement?",Stack,Queue,Binary search tree,Hash table,B
CONTENT_36,3,36,Data Structures,Intermediate,Misconception Detection,CS36_M,Which statement is incorrect about data structures?,Different structures have different strengths,There is one data structure that is always the best choice for every problem,A stack follows last-in-first-out behavior,A queue follows first-in-first-out behavior,B
CONTENT_36,3,36,Data Structures,Intermediate,Transfer,CS36_T,A hospital wants to manage patients waiting for service in arrival order. Which data-structure idea best represents this process?,Stack,Queue,Tree,Graph,B
CONTENT_37,3,37,Object-Oriented Programming,Intermediate,Understanding,CS37_U,What is the main idea of a class in object-oriented programming?,It is always a physical computer component,It defines a structure and behavior that objects can use,It stores only images,It replaces the operating system,B
CONTENT_37,3,37,Object-Oriented Programming,Intermediate,Application,CS37_A,A program models several bank accounts. Which approach is most appropriate in object-oriented programming?,Create a separate computer for every account,Create a BankAccount class and objects representing individual accounts,Store every account only as a picture,Avoid representing account data in the program,B
CONTENT_37,3,37,Object-Oriented Programming,Intermediate,Reasoning,CS37_R,Why is encapsulation useful in object-oriented programming?,It makes all internal data accessible to everyone,It helps control access to an object's internal data and behavior,It prevents objects from having any behavior,It removes the need for program logic,B
CONTENT_37,3,37,Object-Oriented Programming,Intermediate,Problem Solving,CS37_P,You are designing a program for different types of vehicles. Cars and motorcycles share some common properties but also have specialized behavior. Which OOP feature can help model this relationship?,Randomization,Inheritance,File compression,Binary conversion,B
CONTENT_37,3,37,Object-Oriented Programming,Intermediate,Misconception Detection,CS37_M,Which statement shows a misconception about objects?,An object can contain data and behavior,An object must always represent a physical object in the real world,Objects can be created from classes,A program can use objects to model concepts,B
CONTENT_37,3,37,Object-Oriented Programming,Intermediate,Transfer,CS37_T,"A school-management system represents students, teachers, and courses as objects. What does this demonstrate?",Using objects only for graphical design,Using objects to model entities and their relationships in a problem domain,Avoiding data organization,Replacing all algorithms with hardware,B
CONTENT_38,3,38,Database Fundamentals,Intermediate,Understanding,CS38_U,What is the primary purpose of a database?,To replace the computer's CPU,To store and organize data so it can be managed and retrieved efficiently,To display only images,To prevent data from being searched,B
CONTENT_38,3,38,Database Fundamentals,Intermediate,Application,CS38_A,"A school needs to store student names, IDs, and grades. Which database structure is commonly used to organize this information?",A computer monitor,A table with rows and columns,A network cable,A CPU register,B
CONTENT_38,3,38,Database Fundamentals,Intermediate,Reasoning,CS38_R,Why is a primary key useful in a relational database table?,It guarantees that every record has the same values,It can uniquely identify each record,It replaces every column in the table,It prevents the database from storing data,B
CONTENT_38,3,38,Database Fundamentals,Intermediate,Problem Solving,CS38_P,A teacher wants to find all students whose grades are above 80. What database operation is most appropriate?,Delete all student records,Query the data using a condition on the grade,Turn off the database,Change every grade to 80,B
CONTENT_38,3,38,Database Fundamentals,Intermediate,Misconception Detection,CS38_M,Which statement about databases is incorrect?,Databases can support searching and retrieving information,Relational databases organize data using tables,A database is simply a collection of unrelated files with no organization,A database can contain many related records,C
CONTENT_38,3,38,Database Fundamentals,Intermediate,Transfer,CS38_T,A hospital needs to manage patient records and retrieve them quickly. Why would a database be useful?,It prevents information from being updated,It removes the need for any stored data,"It provides an organized way to store, search, and update patient information",It can only store images,C
CONTENT_39,3,39,Computer Networks,Intermediate,Understanding,CS39_U,What is the main purpose of a computer network?,To make every computer operate without software,To replace all storage devices,To allow connected devices to communicate and share resources,To prevent devices from communicating,C
CONTENT_39,3,39,Computer Networks,Intermediate,Application,CS39_A,Several computers in an office need to share files and a printer. What technology enables this?,A CPU cache,A single variable,A computer network,A programming loop,C
CONTENT_39,3,39,Computer Networks,Intermediate,Reasoning,CS39_R,Why are network protocols important?,They make communication completely random,They physically increase the size of computers,They define rules that devices use to communicate,They eliminate the need for network devices,C
CONTENT_39,3,39,Computer Networks,Intermediate,Problem Solving,CS39_P,"A laptop can communicate with other devices on the same local network, but it cannot access websites on the Internet. Which investigation is most appropriate first?",Replace the laptop's keyboard because network communication depends on keyboard input,Increase the monitor resolution because websites require higher display settings,"Check the Internet connection, default gateway, and network configuration",Delete files from the laptop because Internet access requires additional storage space,C
CONTENT_39,3,39,Computer Networks,Intermediate,Misconception Detection,CS39_M,Which statement is incorrect about computer networks?,Networks can connect devices over different distances,Devices can communicate using agreed protocols,A network always requires every device to be physically next to each other,Networks can support resource sharing,C
CONTENT_39,3,39,Computer Networks,Intermediate,Transfer,CS39_T,A student sends a file from a phone to a laptop using a wireless connection. What concept does this demonstrate?,CPU instruction execution only,Database normalization,Network communication and data transfer,Object inheritance,C
CONTENT_40,3,40,Operating Systems Basics,Intermediate,Understanding,CS40_U,What is a major responsibility of an operating system?,Only displaying pictures,Replacing all application software,Managing computer resources and providing services for applications,Storing every file permanently inside the CPU,C
CONTENT_40,3,40,Operating Systems Basics,Intermediate,Application,CS40_A,A computer is running several applications at the same time. Which operating-system responsibility is most directly involved in deciding how processor time is shared among them?,File compression,Screen brightness control,Process scheduling and management,Web page design,C
CONTENT_40,3,40,Operating Systems Basics,Intermediate,Reasoning,CS40_R,Why does an operating system manage memory?,To permanently increase the computer's physical RAM,To eliminate the need for storage devices,To allocate memory to programs and help prevent conflicting use of memory,To make every program use exactly the same amount of memory,C
CONTENT_40,3,40,Operating Systems Basics,Intermediate,Problem Solving,CS40_P,A program stops responding while other applications continue running normally. Which operating-system capability is most relevant when attempting to isolate or terminate the problematic program?,Image rendering,Keyboard layout selection,Process management,Printer formatting,C
CONTENT_40,3,40,Operating Systems Basics,Intermediate,Misconception Detection,CS40_M,Which statement about an operating system is incorrect?,An operating system manages resources,It provides services for applications,The operating system is only a graphical interface and does not manage hardware resources,It can manage processes and memory,C
CONTENT_40,3,40,Operating Systems Basics,Intermediate,Transfer,CS40_T,A smartphone allows a user to switch between multiple applications while managing memory and processor time. Which concept explains this?,Database primary keys,Algorithm sorting,Operating-system resource and process management,Binary image compression,C
CONTENT_41,3,41,Algorithm Analysis,Advanced,Understanding,CS41_U,What does the time complexity of an algorithm describe?,The physical size of the computer,The amount of screen space used by the program,How the algorithm's running time grows as the input size increases,The programming language used to write the algorithm,C
CONTENT_41,3,41,Algorithm Analysis,Advanced,Application,CS41_A,An algorithm examines every element in a list of n elements once. What is its typical time complexity?,O(1),O(n²),O(n),O(2ⁿ),C
CONTENT_41,3,41,Algorithm Analysis,Advanced,Reasoning,CS41_R,Why can an O(log n) search algorithm be much faster than an O(n) search for large inputs?,O(log n) always examines every element,O(n) becomes constant for large inputs,The number of required steps grows much more slowly as the input increases,The two complexities always require the same number of steps,C
CONTENT_41,3,41,Algorithm Analysis,Advanced,Problem Solving,CS41_P,"An algorithm contains two consecutive loops. The first processes n items, while the second processes n² items. What is the overall time complexity, assuming the loops are not nested?",O(n),O(log n),O(n²),O(n³),C
CONTENT_41,3,41,Algorithm Analysis,Advanced,Misconception Detection,CS41_M,Which statement about Big-O notation is incorrect?,Big-O describes growth behavior,Input size affects complexity analysis,O(n) means the algorithm always performs exactly n operations,Different algorithms can have different complexity classes,C
CONTENT_41,3,41,Algorithm Analysis,Advanced,Transfer,CS41_T,"When choosing between two algorithms for a very large dataset, why might complexity analysis be useful?",It guarantees the faster algorithm on every possible computer,It determines the program's user interface,It helps estimate how each algorithm may scale as the dataset grows,It eliminates the need to test algorithms,C
CONTENT_42,3,42,Advanced Data Structures,Advanced,Understanding,CS42_U,What is a key advantage of a balanced binary search tree?,It stores data without any ordering,It always requires every node to have exactly three children,"It can support search, insertion, and deletion efficiently when the tree remains balanced",It can only store numerical values,C
CONTENT_42,3,42,Advanced Data Structures,Advanced,Application,CS42_A,A system frequently needs to retrieve items according to their priority rather than their arrival order. Which data structure is appropriate?,Simple stack,Unordered character string,Priority queue,Single Boolean variable,C
CONTENT_42,3,42,Advanced Data Structures,Advanced,Reasoning,CS42_R,"A system needs fast average lookup by key, but it also needs to keep items ordered so that they can be processed from smallest to largest key. Which trade-off is most relevant when choosing between a hash table and a balanced search tree?","A hash table always preserves sorted key order, while a balanced search tree does not","A balanced search tree cannot perform key-based lookup, while a hash table can only store numeric keys",Both structures provide exactly the same operations and performance characteristics,"A hash table generally provides faster average key lookup, while a balanced search tree supports ordered operations",D
CONTENT_42,3,42,Advanced Data Structures,Advanced,Problem Solving,CS42_P,A graph represents cities connected by roads. You need to determine whether a route exists between two cities. Which approach can solve this problem?,Binary search on the city names only,A stack containing one value,Deleting all graph edges,Graph traversal such as breadth-first search or depth-first search,D
CONTENT_42,3,42,Advanced Data Structures,Advanced,Misconception Detection,CS42_M,Which statement about hash tables is incorrect?,Hash tables use keys to locate stored values,Collisions can occur when different keys map to the same location,Hash functions play an important role in lookup,A hash table guarantees O(1) lookup time in every possible situation,D
CONTENT_42,3,42,Advanced Data Structures,Advanced,Transfer,CS42_T,A navigation system represents locations as vertices and connections between them as edges. Which data structure best models this information?,Stack,Simple variable,Queue only,Graph,D
CONTENT_43,3,43,Artificial Intelligence Fundamentals,Advanced,Understanding,CS43_U,Why is generalization an important goal for an artificial intelligence system?,It guarantees that the system will always produce the same output regardless of the input,It means the system must use exactly the same data for training and evaluation,It removes the need to evaluate the system on data it has not seen before,It allows the system to perform well on new cases rather than only memorizing its training examples,D
CONTENT_43,3,43,Artificial Intelligence Fundamentals,Advanced,Application,CS43_A,A system analyzes medical images and identifies patterns associated with diseases. Which field does this primarily illustrate?,Computer assembly,File compression,Operating-system installation,Artificial intelligence,D
CONTENT_43,3,43,Artificial Intelligence Fundamentals,Advanced,Reasoning,CS43_R,Why can AI systems perform poorly when their training or input data does not represent the situations they encounter?,AI systems always produce the same accuracy regardless of data,More data automatically guarantees perfect predictions,AI systems never depend on input data,The system may learn patterns that do not generalize well to unseen situations,D
CONTENT_43,3,43,Artificial Intelligence Fundamentals,Advanced,Problem Solving,CS43_P,"A hospital develops an AI model to classify medical images. Training performance is high, but performance drops substantially on images from a different hospital. Which explanation is most plausible?",The model must be correct because high training performance proves that the learned patterns are universally valid,The new hospital's images cannot be classified by AI because medical images require manual decisions,The model is failing because classification systems can only work when every image is identical to a training image,The model may have learned patterns specific to the original data distribution and may not generalize well to the new data,D
CONTENT_43,3,43,Artificial Intelligence Fundamentals,Advanced,Misconception Detection,CS43_M,Which statement reflects a misconception about artificial intelligence?,An AI system can produce useful predictions without possessing human-like understanding or consciousness,An AI system can identify patterns in data without reasoning about them in exactly the same way a human does,AI systems can be designed for specific tasks without having general human intelligence,An AI system that performs well on a task necessarily understands that task in the same sense as a human,D
CONTENT_43,3,43,Artificial Intelligence Fundamentals,Advanced,Transfer,CS43_T,"A streaming service wants to recommend unfamiliar movies to users based on viewing history, ratings, and similarities between users. Which AI idea is being transferred to this new context?",Replacing all data with manually written rules that never change,Guaranteeing that every user receives exactly the same recommendation,Avoiding the use of previous observations because recommendations should depend only on the current movie,Using patterns in available data to make predictions or recommendations for future decisions,D
CONTENT_44,3,44,Machine Learning Fundamentals,Advanced,Understanding,CS44_U,What is the basic idea of machine learning?,Writing every possible answer manually,Removing data from a program,Making hardware operate without instructions,Learning patterns from data so a model can make predictions or decisions,D
CONTENT_44,3,44,Machine Learning Fundamentals,Advanced,Application,CS44_A,A model is trained using apartment features and known sale prices. The goal is to predict the price of a new apartment. Why is this a supervised regression problem?,The model discovers groups without using any known target values,The model only decides between two fixed categories,The model learns entirely from unlabeled images without a prediction target,The model receives labeled examples containing input features and known numerical target values,D
CONTENT_44,3,44,Machine Learning Fundamentals,Advanced,Reasoning,CS44_R,A model achieves 99% accuracy on its training data but performs poorly on a separate test set. Which conclusion is most justified?,The model has probably learned useful patterns that guarantee strong performance on all future data,The test set is unnecessary because training accuracy already measures generalization,High training performance proves that the features contain no noise or bias,The model may be overfitting the training data and failing to generalize to unseen examples,D
CONTENT_44,3,44,Machine Learning Fundamentals,Advanced,Problem Solving,CS44_P,A model performs extremely well on its training data but poorly on new data. What problem is most likely occurring?,Under-storage,Network routing,Data compression,Overfitting,D
CONTENT_44,3,44,Machine Learning Fundamentals,Advanced,Misconception Detection,CS44_M,Which statement about machine learning is incorrect?,Training data is used to learn model parameters,Evaluation should consider performance on data not used for training,Models can generalize better or worse depending on the data and method,A model with perfect training accuracy must always perform perfectly on unseen data,D
CONTENT_44,3,44,Machine Learning Fundamentals,Advanced,Transfer,CS44_T,A bank wants to use historical customer information to estimate the probability that a new applicant will repay a loan. Which machine-learning approach is most directly applicable?,Ignore historical outcomes and randomly assign a repayment probability to each applicant,Use only the applicant's name because other features cannot be used in prediction,Train a model without any target information and assume every applicant belongs to the same outcome group,Use labeled historical examples to train a supervised model that predicts the repayment outcome,D
CONTENT_45,3,45,Computer Architecture,Advanced,Understanding,CS45_U,What does computer architecture primarily describe?,The visual design of a website,The color scheme of an operating system,The names of application files,The organization and interaction of major computer components and how they execute instructions,D
CONTENT_45,3,45,Computer Architecture,Advanced,Application,CS45_A,A processor needs very fast access to frequently used data. Which type of memory is designed to reduce the time needed to access such data?,External paper storage,A printer,A keyboard,Cache memory,D
CONTENT_45,3,45,Computer Architecture,Advanced,Reasoning,CS45_R,A processor repeatedly accesses a small set of data. Why can cache memory improve performance in this situation?,The cache permanently replaces secondary storage so the operating system no longer needs an SSD or hard drive,The cache increases the amount of data that can be stored permanently even after the computer is powered off,The cache eliminates the need for the processor to execute instructions because data is already available,"The cache can keep frequently accessed data close to the CPU, reducing the average time needed to retrieve it",D
CONTENT_45,3,45,Computer Architecture,Advanced,Problem Solving,CS45_P,A program repeatedly accesses the same small set of data. Which architectural feature can help improve its performance?,A larger monitor,A keyboard shortcut,A printer buffer only,CPU cache,D
CONTENT_45,3,45,Computer Architecture,Advanced,Misconception Detection,CS45_M,Which statement about CPU cache is incorrect?,Cache is designed for fast access,Cache can store frequently used data,Cache is located closer to the processor than main memory,Cache is a form of permanent storage designed to replace an SSD,D
CONTENT_45,3,45,Computer Architecture,Advanced,Transfer,CS45_T,A game becomes faster when frequently used instructions and data can be accessed quickly by the processor. Which architectural concept helps explain this?,Database normalization,Object inheritance,Network addressing,Memory hierarchy and caching,D
